id_matricula,idAluno,status,motivoCancelamento
1,319117509931299327290553680231638762423,Ativa,
2,319470870467554959265676434797668598711,Inativa,Insatisfação
3,320194221689834292325592914016573064119,Inativa,Motivos financeiros
4,320567389742087465469821033779183223735,Ativa,
5,321258272233402340315912674181367727031,Ativa,
6,321667863928036358717165927218878350263,Ativa,
7,322273167802698800884046383750356140983,Ativa,
8,322897485168714066267502631545225872311,Ativa,
9,323375230750990592680145642781057221559,Ativa,
10,323814168081650919508493708918033482679,Ativa,
11,324186528561243584753490906971961033655,Ativa,
12,324856018022572682972485143231667110839,Ativa,
13,325172919580686988325327386580269401015,Ativa,
14,325690278848079834339961747824871474103,Ativa,
15,326267063436450991857870763205738103735,Ativa,
16,326663199812245212746781687289963873207,Ativa,
17,327350108456612859639417173316255089591,Ativa,
18,327682075883654552468854730503986873271,Inativa,Insatisfação
19,328059201382625313118164000194561311671,Inativa,Motivos financeiros
20,328410973869591509174851916000924009399,Ativa,
21,328914865696235692991105298077468328887,Ativa,
22,329469462913063705868719786957201474487,Ativa,
23,329948792266308892427572503837745087415,Ativa,
24,330575487031796723338262821557980365751,Ativa,
25,330943107052741672605984484302581400503,Ativa,
26,331329738980476194801833940976257991607,Ativa,
27,331641106372210716277513208971837834167,Ativa,
28,332215512293458708036629466906102072247,Ativa,
29,332518955997432015421760730892813468599,Ativa,
30,332876273346579934787753951671397647287,Ativa,
31,333346097063342984937179155686890931127,Ativa,
32,333689946337916941992187372749071844279,Ativa,
33,334123332785055194429186518410196157367,Ativa,
34,334662878631709559937827773697019347895,Ativa,
35,334983743737109966392191413309814342583,Ativa,
36,335619944931361558855322196474960544695,Ativa,
37,336193555956455045000855322015081694135,Ativa,
38,336707746572716295526152488755382191031,Ativa,
39,337307505981337826957792301930403595191,Ativa,
40,337754352976374602849401120225778467767,Ativa,
41,338407996171375548089777388372566999991,Ativa,
42,339094099223786749945010627446850192311,Ativa,
43,339600369400641449460766757080552178615,Ativa,
44,340046422529489832422662141977483805623,Ativa,
45,150688962394025338430473398133195703,Ativa,
46,549998109184292458130849925213455287,Ativa,
47,1257515662413312303795360107822580663,Ativa,
48,1621168016207709728693113337288065975,Ativa,
49,2308080384298994793900964757377385399,Inativa,Insatisfação
50,2969627222336038012799809606882952119,Inativa,Motivos financeiros
51,3383197992976010311438951913705702327,Ativa,
52,4048714716552155778501155006265426871,Ativa,
53,4352159767404225905722522966620898231,Ativa,
54,4729283998724386325210931642170082231,Ativa,
55,5029558972337935707183423669401813943,Ativa,
56,5455013491986072569948674909203071927,Ativa,
57,5894730744678189813963254222423327671,Ativa,
58,6284533938073670468422323957385135031,Ativa,
59,6765447696112817286124236878052066231,Ativa,
60,7278053828351945035836801164142445495,Ativa,
61,7595759235403120116567927950831518647,Ativa,
62,8173331510165994452321893771670455223,Ativa,
63,8536197286762950260401451486062838711,Ativa,
64,9193791669456644374445578445708854199,Ativa,
65,9805434034804715234540259791392211895,Inativa,Insatisfação
66,10543058131332830500726127524787258295,Ativa,
67,11667332932669983843287301461882700727,Ativa,
68,12307495851959939577754564888891753399,Ativa,
69,13033224315255513136157732789169685431,Ativa,
70,13785893760616924688491281126542017463,Ativa,
71,14786549414580208984195066205663658935,Ativa,
72,15467910423780444574694438654418617271,Ativa,
73,16078756308410759528756823477700527031,Ativa,
74,16803694866926065877909166507218437047,Ativa,
75,17891495240630202316410092780169462711,Ativa,
76,19231246558644750323181365083332936631,Ativa,
77,19774749931244865849491361455398978487,Ativa,
78,20343606791218521052129328853443412919,Ativa,
79,20874436510030204797727716478644650935,Ativa,
80,21532821906698441329115852524270912439,Ativa,
81,21850526363011666238046394565437686711,Ativa,
82,22708567521497474044781991813487788983,Ativa,
83,23153831696303539963381745743831499703,Ativa,
84,23729819170131641471341883735148856247,Ativa,
85,24373944923654235677245485250611774391,Ativa,
86,24785137581768179819080880138687349687,Ativa,
87,25548896513808550430693681908259488695,Ativa,
88,25979106941596093555198913231970370487,Ativa,
89,26544003581866473255679435023008924599,Ativa,
90,27067702211454735610488971883798856631,Ativa,
91,27642105280488876859157153696627033015,Ativa,
92,28282269229744945280076930505632908215,Ativa,
93,28771897927204336142949493033041920951,Ativa,
94,29183886590667061098743723619028042679,Ativa,
95,29618057158929717208752058928950674359,Ativa,
96,30189295775924876227631923577489720247,Ativa,
97,30733589766358721599471096908619187127,Inativa,Motivos financeiros
98,31483087233005712060051748387006186423,Ativa,
99,31810298910364323661684009080621106103,Ativa,
100,32427486296350442848451906284059624375,Ativa,
101,32836307338647685005394710689027982263,Ativa,
102,33256225948896462674772978142126801847,Ativa,
103,33868648394732648978615021163195401143,Ativa,
104,34325000709338911222337578245661393847,Ativa,
105,34713220210993894245888233743656944567,Inativa,Insatisfação
106,35211575890554231328630564982037414839,Ativa,
107,35975323096826549830791393943929226167,Ativa,
108,36533110435618199560902711283227558839,Ativa,
109,37159785948662539504618151633580458935,Ativa,
110,37462443154666567788168053743298020279,Ativa,
111,38197673926861452159046461451896357815,Ativa,
112,38701564089714223171468927043132195767,Ativa,
113,39177727406357177213154652861594076087,Ativa,
114,39724401173108463541184563164471362487,Ativa,
115,40080133642093447560216605900667093943,Ativa,
116,40598288994063236901447778021289493431,Ativa,
117,41224986136395943237193801085674062775,Ativa,
118,41735210670069892203302677968333308855,Ativa,
119,42441926275837942664880447337271657399,Ativa,
120,43144687207874093624376721867186373559,Ativa,
121,43597866276115334551785443965433807799,Ativa,
122,44116018458958623319437804017958519735,Ativa,
123,44714983288338299197920246219309056951,Ativa,
124,45232346120998458347975030284113675191,Ativa,
125,45665721317737633759900701048732648375,Ativa,
126,45992932836639920334223073204416807863,Ativa,
127,46313805389487603131534249936604627895,Ativa,
128,46700439773295163267286965699718939575,Ativa,
129,47023691389406824392041671792221488055,Ativa,
130,47713768526449741744920193907514672055,Ativa,
131,48057620811693874343017793162938942391,Ativa,
132,48430783476431996515863018731053777847,Ativa,
133,49087585339816060443539194662030148535,Ativa,
134,49455231109913826851656442012252767159,Ativa,
135,49898882357787427377854377193529148343,Ativa,
136,50623818222545208235043166219755848631,Ativa,
137,50920923831973699501590913186191901623,Ativa,
138,51233085089896613905244099224143135671,Ativa,
139,51631602271974388440765381983873532855,Ativa,
140,51969113372775366858507431722807985079,Ativa,
141,52453989568906339577887869734813434807,Ativa,
142,52830324291587045352142584386704114615,Ativa,
143,53412650256100775549707030615912874935,Ativa,
144,53796907240435770158962014992736715703,Ativa,
145,54172448493068895575118281139636405175,Ativa,
146,54826080041529951218159541474962965431,Ativa,
147,55360871247695510693883004475532379063,Ativa,
148,55919442786839726614743502069596160951,Ativa,
149,56537408510294385936858068017435902903,Ativa,
150,56900273336153391573632718420293452727,Ativa,
151,57296415020234500919224786991662236599,Ativa,
152,57708401386080512964045816992087933879,Ativa,
153,58100579681331846235389504615245677495,Ativa,
154,58423833040463082672953083248997827511,Ativa,
155,58914253306494153550811283874946220983,Ativa,
156,59560754241100762889460366940051866551,Ativa,
157,59994926156242181745527603395238822839,Ativa,
158,60345907629233835387306268664168448951,Inativa,Motivos financeiros
159,60629543658753276576845593223247430583,Ativa,
160,61231677693861685541543498804619379639,Inativa,Motivos financeiros
161,61857580494637023864309979667346228151,Ativa,
162,62226784128094308247275099571257344951,Inativa,Motivos financeiros
163,62642731268240733393300608749964362679,Ativa,
164,63119685044261092249442021075960726455,Ativa,
165,63530085975347031347431525155843867575,Ativa,
166,63829568191966463000886505170534663095,Ativa,
167,64224917673650592214700844916540703671,Ativa,
168,64683651507593870727071167791115797431,Ativa,
169,65233491865544527176555885318725960631,Ativa,
170,65719160818669617620390181104500605879,Ativa,
171,66391809106838159561821188363718493111,Ativa,
172,67001864294406582162252671774496129975,Inativa,Insatisfação
173,67742647376230466175423085098872079287,Ativa,
174,68421634313540961836062873144057398199,Ativa,
175,68903350177497403059991283044104537015,Ativa,
176,69335134472733292047563815727824896951,Ativa,
177,69804164640220599324328151644446655415,Ativa,
178,70206643071967762044806974095382283191,Ativa,
179,70534650358534341890057885762978055095,Ativa,
180,71116975451538284428177965973086929847,Ativa,
181,71576497605698579870931117216452838327,Ativa,
182,72178632908457589066804059925805007799,Ativa,
183,72717383858957448959431646394588595127,Ativa,
184,73142840042396998625256572683511137207,Ativa,
185,73851933126865777133824607841960592311,Inativa,Desistência
186,74429504371662538781624672755028067255,Ativa,
187,75112451924817122516966321673770107831,Ativa,
188,75691609634340069792943062436962108343,Ativa,
189,76157483431060971298393479015196525495,Ativa,
190,76533013433295019690100300288958399415,Ativa,
191,76979859794506495467408925826329346999,Ativa,
192,77558231481429138729834377496569840567,Ativa,
193,78062907746110376274674867118497072055,Ativa,
194,78848061292699773802047554297117541303,Ativa,
195,79424839146677117610858537072858497975,Ativa,
196,79820194491245272884260076807986086839,Ativa,
197,80404100186091374995765966482247517111,Ativa,
198,80941267920219712347264578478363902903,Ativa,
199,81472095816783658264255435870721803191,Ativa,
200,82174057415888202809050259609610355639,Inativa,Insatisfação
201,82906127618224068147156625872780526519,Inativa,Insatisfação
202,83333957398184382657722077990371984311,Inativa,Insatisfação
203,83951145734908452016927537811629015991,Ativa,
204,84317181747200253597380367987423577015,Ativa,
205,85002502659191114632538482905526305719,Ativa,
206,85502434028447535402894243297801536439,Ativa,
207,86232126039029210066810685581982696375,Ativa,
208,86942801468359723459654024879644345271,Ativa,
209,87372216841536435944713579601527571383,Ativa,
210,87797672866519660577088522210553103287,Ativa,
211,88483788912349514770574529791942460343,Ativa,
212,88855368836085089487948864042691724215,Inativa,Insatisfação
213,89388574369806088477157805359762768823,Ativa,
214,89956639978120713719814125078339388343,Ativa,
215,90379718682859535340612355015284360119,Inativa,Insatisfação
216,90993750807273523951907192834317616055,Ativa,
217,91390668451978298005156463448856724407,Inativa,Motivos financeiros
218,92049054482471834650543895502383219639,Ativa,
219,92426181407549520553868549703680132023,Ativa,
220,93272337945517376135394924685242401719,Ativa,
221,93933101692396128368674123465416246199,Ativa,
222,94204062562792050000054195706921223095,Ativa,
223,94701614234959192327323035392014549943,Ativa,
224,95249875417174614460351438400080053175,Ativa,
225,95567577258958476397378052326995264439,Ativa,
226,96142773718812035487893413190669960119,Ativa,
227,96535759665952039167878042667702289335,Ativa,
228,97057068219561733713444628787502515127,Ativa,
229,98083074033315732082915722924912804791,Ativa,
230,98967259217780646894784602217963062199,Ativa,
231,99788064328307188174674836089699828663,Ativa,
232,100158058500370039888360422754172011447,Ativa,
233,100795059899063026415217382041569199031,Ativa,
234,101178527295530403864494419965898916791,Ativa,
235,101517613927571140950083539696642950071,Ativa,
236,102086470866772958662911212925367878583,Ativa,
237,102697321108952211905628736927960400823,Ativa,
238,103139415048063432053612748151483270071,Ativa,
239,103793839511974930454016573560261444535,Ativa,
240,104445094611701370737620367172035675063,Ativa,
241,104948191938331861510044770676855014327,Ativa,
242,105697691385682914830029752937507718071,Ativa,
243,106557315602083920147962215237257790391,Ativa,
244,106920974848728456317359169290304226231,Ativa,
245,107481909447047822684259683999410291639,Ativa,
246,108630720021893205975082734978393703351,Ativa,
247,109606016167142599514640837643734352823,Ativa,
248,110134481083759557503247788983957324727,Ativa,
249,111033707576421480365862144290628830135,Ativa,
250,111927401645723194667147408360236909495,Ativa,
251,112493089775337091862487232791294772151,Ativa,
252,112836149541271594274803193394537694135,Ativa,
253,113564255483267895878967144386054587319,Ativa,
254,114354952703616578995408247202670445495,Ativa,
255,114816853366443715169708725124374725559,Ativa,
256,115586158111403759258750227515942634423,Ativa,
257,116235830153215002026739687791519859639,Ativa,
258,117150914162604154899307741389472924599,Ativa,
259,117932899137290119451616860331567219639,Ativa,
260,118619805404812890917588855946737877943,Ativa,
261,119359002972648539473890596957267952567,Ativa,
262,119916770821312210695447181295674983351,Ativa,
263,120499097340423078490731506580968440759,Ativa,
264,121239087189883869689457797609719858103,Ativa,
265,121852322199754802292192555574294217655,Ativa,
266,122334021346568953006933171512962974647,Ativa,
267,123220583534365620776193020816320103351,Ativa,
268,123674561777082143084288289747438404535,Ativa,
269,124409006130535910866413869316385801143,Ativa,
270,124799603427804271995134944660167066551,Ativa,
271,125711518073008366749606774193363616695,Ativa,
272,126467355852588723729077055886404617143,Ativa,
273,127242205063589678549587718421482832823,Ativa,
274,127966362828563406822427847055055782839,Ativa,
275,128641384634024551091813589708024578999,Ativa,
276,129266485566567082548117071197666280375,Ativa,
277,129726811807348735261535793111101604791,Ativa,
278,130663277358640100189094624125226582967,Ativa,
279,131375540678803724472438320671303664567,Ativa,
280,132105229599487061077406205950654940087,Ativa,
281,132855520377725306867926488866342831031,Ativa,
282,133558274337683156572752434090459005879,Ativa,
283,134068503545818693878231606351360164791,Ativa,
284,134383039351000323296017321587789530039,Ativa,
285,134907531133723515955294632945870177207,Ativa,
286,135321893710619655814173361853245424567,Inativa,Motivos financeiros
287,135687931465931032707048880902242567095,Ativa,
288,137827090031568431994857523713421870007,Ativa,
289,138353960560642952922841734346585670583,Ativa,
290,139307861932886994521327972449639465911,Ativa,
291,139887811765578759415157563266563310519,Ativa,
292,140633349408663286945500872906151035831,Inativa,Motivos financeiros
293,141952508059589777421749107368776696759,Ativa,
294,142816904901272479513705005507678569399,Ativa,
295,143836546475188032056881261920018236343,Ativa,
296,145366443719445401674638105988737270711,Ativa,
297,146098509722688653752165396497133994935,Ativa,
298,147267916767573895260954766878808736695,Ativa,
299,148285997229775266744172560149725316023,Ativa,
300,148702738949163547444770977959981089719,Ativa,
301,149031536615879369591175601486941127607,Ativa,
302,149403923478450152086856151111483786167,Ativa,
303,150014757637312414933763680412021031863,Ativa,
304,150759501414208549537428982802013225911,Ativa,
305,151442446986659070410121175931992409015,Ativa,
306,151992291781386827657730725479167820727,Ativa,
307,152468462228564407982338765888409568183,Ativa,
308,153253603019419640711710259775835210679,Ativa,
309,153907236707041084239573664637909205943,Ativa,
310,154625834873394861552127067619267445687,Ativa,
311,155105164781237185710280145550126089143,Ativa,
312,155735822222501330065904464529067344823,Ativa,
313,156341917903419939788846574581781365687,Inativa,Insatisfação
314,157701472696795740736831041344786138039,Ativa,
315,158080187671162862558240379434722132919,Ativa,
316,158704501630367139824938337237838594999,Ativa,
317,159659993032604680192799792333135807415,Ativa,
318,160123481982405739821543448956505424823,Inativa,Insatisfação
319,160914180153492373110472498411771003831,Ativa,
320,161493332237815781876782279851763827639,Ativa,
321,162226985973435819814639971832288248759,Ativa,
322,162722159612305096496145387308934497207,Ativa,
323,164053987242558430412155579045859558327,Ativa,
324,164944512106131411624321683875699098551,Ativa,
325,165225779609732488875842824355520447415,Ativa,
326,165725700917012270334828964976062104503,Ativa,
327,166144817500571916110189742763383456695,Ativa,
328,166628109291908928567628137691168900023,Ativa,
329,167125661835585858552283479840630506423,Ativa,
330,167833975948760796812825667887551480759,Ativa,
331,168591385852769924339356541188942594999,Ativa,
332,169434370808164171407851965891939140535,Inativa,Motivos financeiros
333,170367682127849518447466048264643806135,Ativa,
334,170966642995821068608357208175736521655,Ativa,
335,171516487156723525741213671727380562871,Ativa,
336,172087722287679534128696547071597216695,Ativa,
337,172878420062625354849444043399327122359,Ativa,
338,173533636095108533260641500078492877751,Ativa,
339,174204704890629190830843574829950698423,Ativa,
340,174748996345761835742052486012821832631,Ativa,
341,175130876485221402423954162916572529591,Ativa,
342,175612584901730567310231550333991257015,Ativa,
343,176766938912650748649868626985291613111,Ativa,
344,177611509065120581117770612611448308663,Ativa,
345,178166900861190449550879277721504187319,Inativa,Insatisfação
346,178856981325816192506218256712778122167,Ativa,
347,179561323335063478120326881828814455735,Ativa,
348,179960626064372581587024213179571110839,Ativa,
349,180325075532710035024429169861909021623,Ativa,
350,180779052190863307047637662864054158263,Ativa,
351,181172816475471850865734734206646617015,Ativa,
352,181864477621167915904189861330761810871,Ativa,
353,182289141206069672868601124462121976759,Ativa,
354,182568816698973188494028832870183994295,Ativa,
355,182934058132023134517803884538587513783,Ativa,
356,183351590469245145063758090722252948407,Ativa,
357,184011560349935504367305560230497354679,Ativa,
358,184612111960954015929650682569613902775,Ativa,
359,185085894233628928786237070800821945271,Ativa,
360,185913036408734173497931234387899450295,Ativa,
361,186557161686887792619337555552015483831,Ativa,
362,187366874775434174375363268945532683191,Inativa,Insatisfação
363,187922262134726942013050669187329164215,Ativa,
364,188449144548025840082252771522410447799,Ativa,
365,189153470394727972789193574952361788343,Ativa,
366,189936243293490141703209699076607312823,Inativa,Motivos financeiros
367,190753878881375299839236584693007909815,Inativa,Insatisfação
368,191291836361827579376853503151316403127,Ativa,
369,191812365151861808530778651654590038967,Ativa,
370,192300411979828439591842629912143070135,Ativa,
371,192938197499645829797399639927474619319,Ativa,
372,193664720542183258914618951733214446519,Inativa,Insatisfação
373,194204264249677236538798068988503131063,Ativa,
374,194763614443202642649438394493270492087,Ativa,
375,195333265882418153406364136371455787959,Ativa,
376,195944114856946806422464547543943742391,Ativa,
377,196359270428521551550580175091064374199,Ativa,
378,196697574286316647701774837609207694263,Ativa,
379,197234742258129472597432460447932744631,Ativa,
380,197647527085397303395186154862608122807,Ativa,
381,198342352841588675693440803040435372983,Inativa,Motivos financeiros
382,198978553322786805523920039192194974647,Ativa,
383,199465805809196068572177582358767338423,Ativa,
384,199934836135139700876927909707378852791,Ativa,
385,200405452608896868759957160039551337399,Ativa,
386,200792085962738316209728270056705754039,Ativa,
387,201189019215391105569094508426851255223,Inativa,Motivos financeiros
388,201974963775955045512193005050342409143,Ativa,
389,202293459087786487809222808649649619895,Ativa,
390,203265588008011211116596139936851428279,Ativa,
391,204083223278983719196434588432182018999,Ativa,
392,204481744422469619439138208843410178999,Ativa,
393,204846983240990202495909248792141235127,Ativa,
394,205651942164416753305911772627396199351,Ativa,
395,206443431032565278956645475343866790839,Ativa,
396,207115285613001752992908853471273550775,Inativa,Motivos financeiros
397,207734057166097344898913038221080527799,Ativa,
398,208349674646043243941631150061760283575,Ativa,
399,208986655920782951850520996560842785719,Ativa,
400,209523028441844133530033956874940056503,Ativa,
401,209857372951445741831722141242265699255,Ativa,
402,210260643823274372225750232608712950711,Inativa,Insatisfação
403,210951514509593032447131955941884560311,Ativa,
404,211458584653204638494584007601691034551,Ativa,
405,211842037709374600863396575855331509175,Ativa,
406,212156572009221142509714301926292849591,Ativa,
407,212723054718076895267700300270914503607,Ativa,
408,213051059786254924708835053459376178103,Ativa,
409,213796595607091714414257873586053448631,Ativa,
410,214376556690182556332299907345724736439,Ativa,
411,215069001798546700019170006156011897783,Ativa,
412,215592699477397012202860409189896029111,Ativa,
413,216056186604950334007599495874571666359,Ativa,
414,216674956098113700539677744119855449015,Inativa,Insatisfação
415,217426037811098326231600107666784125879,Ativa,
416,218056695965415933215453157350057444279,Ativa,
417,218588315192867071609134328713182446519,Ativa,
418,219224518209366401895699694989183550391,Ativa,
419,219734746704448476573065822761180726199,Ativa,
420,220337674526517115951770264891809858487,Ativa,
421,220964380621632186402322501508729668535,Ativa,
422,221324857589901174627564270654773789623,Ativa,
423,222010970387376365732991800217337856951,Ativa,
424,222558443962428233563454307670016918455,Ativa,
425,223220794649402146512000691612097446839,Ativa,
426,223666048445318923060643095948155945911,Ativa,
427,224106557741951695405142644628352402359,Ativa,
428,224423493130491394350111292916444169143,Ativa,
429,224734057940939646328066782385479615415,Ativa,
430,225264079928634497150153311988450853815,Ativa,
431,225785402188716306664341170092643713975,Ativa,
432,226551537886403942691431538394111673271,Ativa,
433,227144165175835940051045155791219983287,Inativa,Insatisfação
434,227536343708771760866989488495445410743,Ativa,
435,228307236344564915844297281245276275639,Ativa,
436,228871341337035453009801218943053202359,Ativa,
437,229510710707049665872236429369162335159,Ativa,
438,230285562928720796237952884447371330487,Inativa,Insatisfação
439,230944739418591737699118372449018971063,Ativa,
440,231644325123558804485106622729581495223,Ativa,
441,232120488915570733611472869109228897207,Ativa,
442,232531679355296127352193473194836100023,Ativa,
443,233081523516198584484316975907125593015,Ativa,
444,233682073146513033190074487555919971255,Ativa,
445,233997401154091642740605642587643315127,Ativa,
446,234616965543409514889072202844968584119,Ativa,
447,235226234629149470959264560019772015543,Ativa,
448,235897291144304938812090470576773399479,Inativa,Motivos financeiros
449,236289473321736235281419833738583606199,Inativa,Insatisfação
450,237018371545357679531283859052303745975,Ativa,
451,237921571488826017779716625262337852343,Ativa,
452,238691671050712404969938597950469178295,Ativa,
453,239091771449161702047758665186076263351,Ativa,
454,240006064365348149989263870609370383287,Ativa,
455,240565416381121293925953400283657929655,Ativa,
456,241151710646610876080023548262172853175,Ativa,
457,241668271611038228364446528560118891447,Ativa,
458,242111960333832698134847321971741688759,Ativa,
459,242786986021473805604420437431193699255,Ativa,
460,243216408287500656829677129432612209591,Ativa,
461,243755933217920118572978834911965479863,Ativa,
462,244503054790429631276245574733523059639,Ativa,
463,244934860001900424026049329056897565623,Ativa,
464,245625718328625732024730477337375933367,Ativa,
465,246068615086707709211296139403189289911,Ativa,
466,246754720119822973922875483637776909239,Ativa,
467,247409936944587777480263463908889854903,Ativa,
468,247773594765125388387422023481588712375,Ativa,
469,248081791525024251518986651857771037623,Ativa,
470,248691848534840411948867838631710294967,Ativa,
471,248994500353329389261692935042482045879,Ativa,
472,249419162115983408398000508149310948279,Ativa,
473,249871562371387134103741886252678644663,Ativa,
474,250277994843040896214816760551740539831,Ativa,
475,251074238985503528009499397932951274423,Ativa,
476,251722326622520810518784058831457747895,Ativa,
477,252172343457111619613198050725422433207,Ativa,
478,252695250676584526983377115798636331959,Inativa,Insatisfação
479,253306888605155497042934161624390697911,Ativa,
480,253741059331874478184520390544107766711,Inativa,Insatisfação
481,254221973644510762599633404471407805367,Ativa,
482,254713189440521639206972019267359474615,Ativa,
483,255220251265176181250861794835510330295,Ativa,
484,255939641633926938695218259390135272375,Ativa,
485,256715284552659961418073357040616735671,Ativa,
486,257406946411409489083864657717914502071,Ativa,
487,258004327311364179788386152973139706807,Ativa,
488,258723718630852887400308129773698417591,Ativa,
489,259373390434979642629689547222377825207,Ativa,
490,259847965226964185666932196254842880951,Ativa,
491,260435839222786139738768469661954868151,Ativa,
492,260908831511452622862938049290384442295,Ativa,
493,261562471220414417474466084046965572535,Ativa,
494,262173311955214169002479180596174390199,Ativa,
495,263011550430620349007853290500806411191,Ativa,
496,263692116226753428929347831270908101559,Ativa,
497,264470138604891242548914504819343098807,Ativa,
498,265001760922240718997299872013478003639,Ativa,
499,265794038902887886717021457543311131575,Ativa,
500,266253563830033870162483218749698868151,Ativa,
501,266619597782393446370592846215014253495,Ativa,
502,267318387323555407317348843716237067191,Ativa,
503,267633735138174645434185354990665860023,Ativa,
504,268052835796873625841301042942762550199,Ativa,
505,268761927455235479087991816015984198583,Ativa,
506,269436951399857011246189610990573978551,Ativa,
507,270144458019599604124715354153260680119,Inativa,Motivos financeiros
508,270673701590597752297593386634982982583,Ativa,
509,271012006795271611192242743813863637943,Inativa,Insatisfação
510,271744867456984881342048030662664127415,Ativa,
511,272539528858444965677650423100148548535,Ativa,
512,273177312080645642964982311229946332087,Inativa,Insatisfação
513,273621786905268579270238420495598093239,Ativa,
514,273914134071256463819146675163442185143,Ativa,
515,274421194707488568152581379788015666103,Ativa,
516,274979752064791694020399041815075095479,Ativa,
517,275579522169215164878505523178901865399,Ativa,
518,276248988495920808936098457610579346359,Ativa,
519,276632456288528998955995184910712439735,Ativa,
520,277191803867525042095961627949453804471,Ativa,
521,277776506360001550166409067788507546551,Inativa,Motivos financeiros
522,278532344773407207259674857606310265783,Ativa,
523,279147154680692598404040531140621370295,Ativa,
524,279471989671632107102347937620601078711,Ativa,
525,279886352803125384559451793167256650679,Inativa,Motivos financeiros
526,280310228067810124593394378061929251767,Ativa,
527,280957517322633750863747814511482241975,Ativa,
528,281727616013010350394434504763036140471,Ativa,
529,282347973159322340272133804948724122551,Ativa,
530,283065778727138324884200160395851465655,Ativa,
531,283881828484122597503808843880434238391,Ativa,
532,284818306395007314661435575987677168567,Ativa,
533,285573348723836028426471718589561045943,Ativa,
534,285952072967898164412279904223841485751,Ativa,
535,286476550648008429534528647538671879095,Ativa,
536,287123845052662619229873307824842605495,Ativa,
537,287908995905494491270461580571647935415,Ativa,
538,288503209105055536661427648138689381303,Inativa,Motivos financeiros
539,288975407052164651771165837635587670967,Ativa,
540,289407993611774160196729378818041840567,Ativa,
541,290195521626394110223336657429020804023,Ativa,
542,290535411394318254405168823676252193719,Ativa,
543,290929977467931442574913147319009674167,Ativa,
544,291724624846006761885570722662210339767,Ativa,
545,292142165185273186370510250560530416567,Ativa,
546,292712599715646988114951091001216992183,Ativa,
547,293445461328098208439209864251037713335,Ativa,
548,294076908436458132465137224976951411639,Ativa,
549,294803431558223724098673671381386003383,Inativa,Motivos financeiros
550,295228093637790393291125208562964628407,Ativa,
551,295642459859182008803901533860514759607,Ativa,
552,296033843971332299093222639093185512375,Ativa,
553,296551996074947425344271885970677433271,Ativa,
554,297219889801855323768350415879542145975,Ativa,
555,297547102746864535597187509154633483191,Ativa,
556,298172212156820456078384908243503940535,Ativa,
557,298919352427176322147551183181491471287,Ativa,
558,299576147952307384937142799375563752375,Ativa,
559,299893840762080720247671543443535168439,Ativa,
560,300523704257928309160815256831613207479,Ativa,
561,301136138984129685175294390154731717559,Ativa,
562,301664591065784315849400617820156593079,Ativa,
563,302228713329994281129349565461754545079,Ativa,
564,302829245371656651670037264435320718263,Ativa,
565,303674608518805089408311055807320163255,Ativa,
566,304328240859547770195516782852230611895,Ativa,
567,304920868624348742637706613884635579319,Ativa,
568,305575292375206778410130532468493910967,Ativa,
569,306063344828372947983357871617692926903,Ativa,
570,306432541410523768598893371322733429687,Ativa,
571,306913455089334752902967643047175914423,Ativa,
572,307493415221687644647314483993085477815,Ativa,
573,307805564040789044313768288729199543223,Ativa,
574,308521787659884106612936760050223154103,Ativa,
575,309110463523938867550270292185326027703,Ativa,
576,309600874599503086775727827822976435127,Ativa,
577,310036630285613165774877864406596977591,Ativa,
578,310601528906587608329581044133634769847,Ativa,
579,311221094405099755675197604461623378871,Ativa,
580,311716269945444932701339454393656017847,Ativa,
581,312377029176318421621935905160011449271,Ativa,
582,312967282710773329108349845860610474935,Ativa,
583,313696970443034227998534138004527907767,Ativa,
584,314517775157419956706847667579645068215,Ativa,
585,315262521469617291767459006147729818551,Ativa,
586,316267132589594100710277103078611354551,Ativa,
587,316991278391115289328886440163178447799,Ativa,
588,318378563675196382905803084508527068087,Ativa,
589,319280178976186273356770449077215429559,Ativa,
590,319906081618505286652558055974623249335,Ativa,
591,320802945210448384097025780330904421303,Ativa,
592,321279913802135133117892222223523251127,Ativa,
593,322061881188169019505946398547966690231,Ativa,
594,322760675562248893818427535369382921143,Ativa,
595,323151279118542093573578950315562238903,Ativa,
596,323772415949201386324971406029043794871,Ativa,
597,324510033232107525363716331151231812535,Ativa,
598,325539997601773386440013935757047890871,Ativa,
599,326230869318058159347972865886899143607,Ativa,
600,327309953563919614027862466531560784823,Ativa,
601,328157694585909592385296014290643583927,Ativa,
602,328878671894755510542272391851211490231,Ativa,
603,329556863777455175556167575673485132727,Inativa,Motivos financeiros
604,329960936438288450303548094749010559927,Ativa,
605,330861751851749596740585986545372365751,Ativa,
606,331566887964869762827091564074543350711,Ativa,
607,332132576015255497515170992757548516279,Ativa,
608,332607940553563982738233584776892384183,Ativa,
609,333125301722432729092871865310176871351,Ativa,
610,333653765688311736906585666335757566903,Ativa,
611,334199635289213503452977799702629319607,Ativa,
612,334901599027478435883939373932012110775,Ativa,
613,336039314411217159087606721288476033975,Ativa,
614,336545582290455145691310193800932230071,Ativa,
615,337055018186999427667249992041415050167,Ativa,
616,338016853388209485179523683891737265079,Ativa,
617,338508079483881488639763641869413909431,Ativa,
618,339339166746110968634664509388408226743,Ativa,
619,339915946263879725241869156524337922999,Ativa,
620,93894967150346504635464613978440631,Ativa,
621,904400495778195933666637268002276279,Ativa,
622,1386900243174553290580093382118605751,Ativa,
623,2148290253155747405167834810781270967,Ativa,
624,2460440339907747296910753436879029175,Ativa,
625,3172707304566847230787857451485234103,Ativa,
626,3648863411447012474405351458565522359,Ativa,
627,4079072254671305312937313443200107447,Ativa,
628,4415808979411869314274775141225595831,Ativa,
629,5253234811555140509639567173363172279,Inativa,Desistência
630,6055814592489550478556565228266718135,Ativa,
631,6832258270261104871316604057192498103,Ativa,
632,7203040841769136030519114362035372983,Ativa,
633,7749713657782472188516665723086701495,Ativa,
634,8692527682507942605713271336013661111,Ativa,
635,9316846949999108329199897067376608183,Ativa,
636,9726455361775417237343545306353238967,Ativa,
637,10196279474679279960062450976401130423,Ativa,
638,10916464184987405417116701280996426679,Ativa,
639,11570885875913215819120454195262784439,Ativa,
640,12299787585573810694404066207877825463,Ativa,
641,12827444691845773241497115716586046391,Ativa,
642,13200609495744283299311697224267989943,Ativa,
643,13550798370198144245040205016856789943,Ativa,
644,14156101927947936354287976321762198455,Inativa,Insatisfação
645,14820033771361146475304076521219818423,Ativa,
646,15361954957555852143254511732356547511,Ativa,
647,15849208236246740336130822220923798455,Ativa,
648,16520273783412734814877015984658711479,Ativa,
649,17030498950911983892318494945861436343,Ativa,
650,17670662424799077225073935406934000567,Ativa,
651,17976485112808200426450498081725350839,Ativa,
652,18416199830199117215498373253082383287,Ativa,
653,19064286991847424640202155732158907319,Ativa,
654,19389122775068558480121613832910275511,Ativa,
655,19870834123019736393601342609291477943,Ativa,
656,20580713705457794002576707516874621879,Ativa,
657,21222461346454360052831734918010897335,Ativa,
658,21766758822927356054348929870690780087,Ativa,
659,22474267264917686755792749561968329655,Inativa,Motivos financeiros
660,22774540891652473395699907413506524087,Ativa,
661,23282393254912582773896703895465624503,Ativa,
662,23721329397150471885814266808273994679,Ativa,
663,24447841268516986491593937363220562871,Ativa,
664,24771882789408914835568749051621147575,Ativa,
665,25244082321081280230862217547180409783,Ativa,
666,25740061789591489495159499416622334903,Ativa,
667,26585431750361903461061132784364684215,Ativa,
668,27322245659700147859540234436184638391,Ativa,
669,27737408282581356759920377857134822327,Ativa,
670,28355373689123366024351311607617553335,Ativa,
671,28989199860747268382902185690252182455,Ativa,
672,29730774986511807494791594377721676727,Ativa,
673,30066703108625750915521459240090993591,Ativa,
674,30540485777441476337939084543300731831,Ativa,
675,31012686259851791904585874046389060535,Ativa,
676,31824774925623001368459528844446270391,Ativa,
677,32238349261530286808666225987855582135,Ativa,
678,32718468678012065607316618509262521271,Ativa,
679,33109854691638256237214444608221873079,Ativa,
680,33828454601011608864006613012519846839,Ativa,
681,34295903295146968914065387464136328119,Ativa,
682,34867137475365027129170935835550548919,Ativa,
683,35832134593312866421112958332279456695,Ativa,
684,36216391894560511087219253400326898615,Ativa,
685,36677504474855117872277657620580664247,Ativa,
686,37156036872013573442535375142308283319,Ativa,
687,37886522114958340922031972728118182839,Ativa,
688,38380904502168587643518867303347520439,Ativa,
689,38925201265588121016248322247947977655,Ativa,
690,39288860353776332155706411480586126263,Ativa,
691,39810974657798796766977895333183620023,Inativa,Desistência
692,40385383272804314015857417377791869879,Ativa,
693,40783104607989632760210390751476188087,Inativa,Insatisfação
694,41107147713444811388630344130390918071,Inativa,Insatisfação
695,41585682725132629929465116726156067767,Ativa,
696,42012724343332252536368501886632068023,Ativa,
697,42431839896925785628587474968027333559,Ativa,
698,42942071719590685902139700910148027319,Ativa,
699,43729598704244523249955089105287381943,Ativa,
700,44279441676724542664058036449970488247,Ativa,
701,45009134717272330011624908722993890231,Ativa,
702,45787945257170835536827351765239464887,Ativa,
703,46394042601880858065288665213572481975,Ativa,
704,46957354995813602532220992593634526135,Ativa,
705,47736958530390713330882458926285325239,Ativa,
706,48392968191377797129488132357902042039,Ativa,
707,48854075780298165519812807235582821303,Ativa,
708,49197943752718475940115388214265775031,Ativa,
709,49483147628345911900562469441719501751,Ativa,
710,49889589528151013210884261174344680375,Ativa,
711,50190656308020730151388068168471937975,Ativa,
712,50769813542174702345050085549731480503,Ativa,
713,51288757768958646211235948955697415095,Ativa,
714,51634190576816775867053556172687934391,Ativa,
715,52337738957560156098039421056693044151,Ativa,
716,52652273653547510318837828758997828535,Ativa,
717,53475454975124179416535852652400214967,Ativa,
718,54156025287262522645074071752899036087,Inativa,Insatisfação
719,54781929197232136169797019388600386487,Ativa,
720,55618576691906867230871518263931831223,Ativa,
721,56089191977241597399897987046065832887,Ativa,
722,56430665278449914178131926787794666423,Ativa,
723,56803037642266956564964291167566169015,Ativa,
724,57485984720052565213043731038732551095,Ativa,
725,58133278490881454793544388911894365111,Ativa,
726,58752842642514839400041250695466451895,Ativa,
727,59409644981267878414758959292277326775,Inativa,Motivos financeiros
728,60003854615561610660280154218542924727,Ativa,
729,60712156289915034180736998027412374455,Ativa,
730,61424431890443848172895234401337869239,Ativa,
731,61838779017848297748487772786640815031,Ativa,
732,62452005787990328864869101984473678775,Ativa,
733,63043840082743720951054658338614936503,Ativa,
734,63530309002625717924421178004519257015,Inativa,Insatisfação
735,64140358644222764525320520302319633335,Ativa,
736,64573747547434054905727007037952623543,Ativa,
737,65373940738429047692800254561967408055,Ativa,
738,66121063023992023021933868558277936055,Ativa,
739,66907809056647957266055940650433774519,Ativa,
740,67297600048906410723898218872081482679,Ativa,
741,68085920265923340880041278118922814391,Ativa,
742,68695978147249288965899340673863386039,Ativa,
743,69367038703041045049320144693979513783,Ativa,
744,70069793613736844923795361416618443703,Ativa,
745,70876335198937780680847296542254826423,Ativa,
746,71265346665305256290753128852550321079,Ativa,
747,71805682733652539074281635199473419191,Ativa,
748,72136064012880696336062009124797547447,Ativa,
749,72653423834870679944176954801245127607,Ativa,
750,73400546199661817791133031571699008439,Ativa,
751,73824417423710269594724761808065004471,Ativa,
752,74485178952200471428883419995765474231,Ativa,
753,75105535623143486220545771707499283383,Ativa,
754,75855033248246801710211574401931150263,Ativa,
755,76401708282648688271490429461192770487,Ativa,
756,77105260387115706670229245187756131255,Ativa,
757,77568738720342989389644712203056841655,Ativa,
758,78231879312097169556347507804045837239,Ativa,
759,78883927564958540137783303337157067703,Ativa,
760,79520129393035432712345204822695478199,Ativa,
761,80292614039526149316509226831171552183,Ativa,
762,80642000095009253216819619547121451959,Inativa,Insatisfação
763,81087276391724183821633664077705511863,Ativa,
764,81576099180314479584869741507268314039,Inativa,Desistência
765,81993633419012390472947936504200823735,Ativa,
766,82768484848401895697043614237360128951,Inativa,Insatisfação
767,83487084203178110721970621603555574711,Ativa,
768,83811931395254646618299379730635555767,Inativa,Motivos financeiros
769,84314223605297667436562030863780676535,Ativa,
770,84851410671097658269336449570295776183,Ativa,
771,85310914365096087892256350982031803319,Ativa,
772,86106365909020926982853001776789193655,Ativa,
773,86640364278964206215037728958898766775,Ativa,
774,87283696879351870126014994737608786871,Ativa,
775,88045079758798437952837081651231327159,Ativa,
776,88723272513007890624535632378381730743,Ativa,
777,89327782283797452322273831652430185399,Ativa,
778,89719963114349986050225504006650987447,Ativa,
779,90383894482394221084635231854268777399,Ativa,
780,90847380104612455115125638078551819191,Ativa,
781,91195983148165430542975933035124622263,Ativa,
782,91773556056753604992228732355272246199,Ativa,
783,92562668317711190254510185876323304375,Ativa,
784,92965940694874908417706897323489231799,Ativa,
785,93527667178678604856565676537320571831,Ativa,
786,94321534000896833631169368099928671159,Ativa,
787,95062317320405205189794421584712434615,Ativa,
788,95415675004446986649122201371710587831,Inativa,Insatisfação
789,96022563521587876617361984372349338551,Ativa,
790,96409196083147698926967824149024867255,Inativa,Insatisfação
791,97182464613078331664453817918692787127,Ativa,
792,97843225032374258296045208633956631479,Ativa,
793,98519041575533583151118164241626170295,Ativa,
794,99278047293192072991322266540634801079,Ativa,
795,99919795964154751727753117421661324215,Inativa,Insatisfação
796,100655825673140429936896887626733454263,Ativa,
797,101437013612511500991430107695862252471,Ativa,
798,101856924141487702211119092821175567287,Ativa,
799,102199190437374624262217017752543298487,Ativa,
800,102869460216876325471211800356970562487,Ativa,
801,103369390397710308527479210806287270839,Ativa,
802,103672834180911778429008674184986100663,Ativa,
803,104104638124731970949050114288491168695,Ativa,
804,104633871633753479813447586159438070711,Ativa,
805,104985644120719675875089180080931603383,Ativa,
806,105397632467269750769619979715754591159,Ativa,
807,105838931272541977761344094929884021687,Ativa,
808,106363421470701920132855422822218204087,Ativa,
809,106908514081013909290308254611120849847,Ativa,
810,107410821661320457872449647898337215415,Ativa,
811,107934516963325894630331681500347761591,Ativa,
812,108331450612119496564548459621234508727,Inativa,Motivos financeiros
813,108708581815517958238242482416032940983,Ativa,
814,109221974208041877547956834423084942263,Ativa,
815,109843914095356414881610881411104113591,Ativa,
816,110272541386000597975479711167768953783,Ativa,
817,110785146884414425613500511305033057207,Ativa,
818,111670124429732645579884446964712211383,Ativa,
819,112476668708691106818533775651339764663,Ativa,
820,112854586410058847595023161897685091255,Ativa,
821,113249141391729283771430374665619768247,Ativa,
822,113908321526095700888533308213664416695,Ativa,
823,114227609753377585940495421937503437751,Inativa,Insatisfação
824,114712485949508558654757800447979029431,Ativa,
825,115424749586584832992547885484263867319,Ativa,
826,116159983924047030505928626427104854967,Ativa,
827,116931668049183702980118119524621091767,Ativa,
828,117653434708212750754332348052672873399,Ativa,
829,118390257649561521781080923066853491639,Ativa,
830,119103312855209476128980655180119016375,Ativa,
831,119812405622765604579560220741433820087,Ativa,
832,120564286510225511659620618179694560183,Ativa,
833,121031724746243419822134330393459164087,Ativa,
834,121550671032959589064272468661288305591,Ativa,
835,122281945467631161126003473138218959799,Inativa,Insatisfação
836,122962520295774767669189698539929994167,Ativa,
837,123316665270067453377389086529877705655,Ativa,
838,123692216188536405532581944889469830071,Ativa,
839,124249972786800999732342548960190399415,Ativa,
840,124585898294385580181208173680024355767,Ativa,
841,124886174535649729790608989420240765879,Ativa,
842,125584966849797378734691513854800954295,Ativa,
843,125905048230214194084869842843187020727,Ativa,
844,126350311058141497264007624657434051511,Ativa,
845,127056244761173694451228370608800924599,Ativa,
846,127728089755002504264723877426215781303,Ativa,
847,128292193004453466121991503579407713207,Ativa,
848,128771522753839465246877275090254562231,Ativa,
849,129248479461301837132144628766054024119,Inativa,Insatisfação
850,129878341610270663301220594994118919095,Ativa,
851,130218230189772369766426632908368511927,Ativa,
852,130844924321434900563569421958324159415,Ativa,
853,131716434267548133306038315540082328503,Ativa,
854,132457217032459367263744808333441500087,Ativa,
855,133274061447913657954896838469213225911,Ativa,
856,133747063798556780389920657187019162551,Ativa,
857,134215290592476193027518329417327969207,Ativa,
858,134910913146297971282746454722786624439,Ativa,
859,135306262627982100496419494030483915703,Ativa,
860,136104882664582210049587260446617109431,Ativa,
861,136853590939502395924590426735490892727,Ativa,
862,137164163038941599215211751981877298103,Ativa,
863,137973875493662680859319958295246275511,Ativa,
864,138711489845126806872719995429785437111,Ativa,
865,139266085318935244435772585613315015607,Ativa,
866,139637666985690394464875772919675093943,Ativa,
867,140219992633291474599758154315099014071,Ativa,
868,140775381656375655038624132336659465143,Ativa,
869,141467043039756207617155475766195258295,Ativa,
870,142172966680811765494896706414440612791,Ativa,
871,142494632703707028646955935003832484791,Ativa,
872,143234624930012695275456859361287340983,Ativa,
873,143709993667413793760668876030473405367,Ativa,
874,144049097016596821349373248575040127927,Inativa,Insatisfação
875,144862763986593477471970501206919611319,Ativa,
876,145549672155592149276704548513525269431,Ativa,
877,146082876104749897986083411858230084535,Ativa,
878,146561415315530329780845725034119168951,Ativa,
879,147360827950668232033495110367672796087,Ativa,
880,147730045052913143844640494380738937783,Ativa,
881,148242636527942206453325186312056341431,Ativa,
882,148832886576357963311892100114607768503,Ativa,
883,149296371485522734714651704868359898039,Ativa,
884,149604568641562410420302386958537327543,Ativa,
885,150054586426891169685926147621908644791,Ativa,
886,150838944364272598968764264252331787191,Inativa,Insatisfação
887,151506838725005797506782417474034074551,Ativa,
888,152128777899266872212770120761189073847,Ativa,
889,152824400928457625556735665467163935671,Inativa,Insatisfação
890,153440796587415739701920167725210272695,Ativa,
891,153807623217541271127956218055596704695,Inativa,Motivos financeiros
892,154335294901795136297769132810108666807,Ativa,
893,155114890830468645727556904470945465271,Ativa,
894,155810509502110460783218590768544613303,Ativa,
895,156528317525999483337041155076795925431,Ativa,
896,156998140371252745831245243623756006327,Ativa,
897,157309507762987267304622890734772814775,Ativa,
898,157908474414614681012218110752162317239,Ativa,
899,158359281153985757321380133812046136247,Ativa,
900,158671441302714396525314016191919162295,Ativa,
901,158976468777656364055365548955031307191,Ativa,
902,159403508573608248835752762959624143799,Ativa,
903,160150629908433273993942320564542899127,Ativa,
904,160611738368863430039037469473043121079,Ativa,
905,161323206475959898646904661675935531959,Ativa,
906,162058443824092271702383711419021657015,Ativa,
907,162782597152288899175811541489554817975,Ativa,
908,163247658701887704435650325210909115319,Inativa,Motivos financeiros
909,163639045587023682720880167919225668535,Ativa,
910,164348140018371223972522906519853073335,Ativa,
911,164901942497501056265877542051785212855,Ativa,
912,165320267354032696996625972669331014583,Ativa,
913,165676794719172186627777477920774423479,Ativa,
914,166148202206903896922529119104061932471,Ativa,
915,166698836431042946297788309206026421175,Ativa,
916,167045856971277861812238742310602671031,Ativa,
917,167672551974450180261921879150899233719,Ativa,
918,167972032131137386544913346349584614327,Ativa,
919,168743726080566210791527490844813951927,Ativa,
920,169428247659625465414025411502996194231,Inativa,Insatisfação
921,170048604172112155178074163176928445367,Inativa,Insatisfação
922,170778296658062804925894536561550427063,Ativa,
923,171453319651946386909357088683432608695,Ativa,
924,172053075653756930231098438524116140983,Ativa,
925,172628273460489252065825380260903125943,Ativa,
926,173372225431129219108388375246724662199,Ativa,
927,174164506977043699971660506824070923191,Ativa,
928,174808642950999258519174615581686236087,Inativa,Desistência
929,175133466533083365164914292517484364727,Ativa,
930,175873458997073519335871304108448416695,Inativa,Insatisfação
931,176346450493458377315232402280580121527,Ativa,
932,176676039728745879473914593155146318775,Ativa,
933,177110209346270585416921492072463336375,Ativa,
934,177436630168110979627418220634159973303,Ativa,
935,178205935626124486346388844064369017783,Inativa,Desistência
936,178522848196953381182569332491323442103,Ativa,
937,178830252754455264186303918590509974455,Ativa,
938,179333351824105330271678213599910953911,Ativa,
939,179803968773231473234075988732785460151,Ativa,
940,180325289844890845035482103735910663095,Ativa,
941,181115984609166490208038202442539860919,Ativa,
942,181841716716957539429319425864946156471,Ativa,
943,182477128877938652327564291251112248247,Ativa,
944,182794039468063484308853337197402915767,Ativa,
945,183370027258804235869652078611956761527,Ativa,
946,184136955238117014543332545111987061687,Ativa,
947,184803264084861977621843198113181074359,Ativa,
948,185181183687705618741776409338589742007,Ativa,
949,185555138792525208588794652370607014839,Ativa,
950,186066161391480163734628341880858084279,Ativa,
951,186388620409054032161427304904688665527,Ativa,
952,186736442342152779456096623325536846775,Ativa,
953,187183289337189555349860132567631791031,Ativa,
954,187591303757564239778056704493317522359,Ativa,
955,188350310029819867219755265286100747191,Ativa,
956,188784479409660085617942250115492479927,Ativa,
957,189278073001284340326110096191421416375,Ativa,
958,189564085241853909326436943378025546679,Ativa,
959,190109967677718003183286975329200243639,Ativa,
960,190836489294148507047034712279222584247,Ativa,
961,191557465810712800061728846299470758839,Ativa,
962,191878341057318008342658688400408970167,Ativa,
963,192514553185056027771231225950889051063,Ativa,
964,192817985717858420644896671513973097399,Ativa,
965,193260871225541320806601653765674369975,Ativa,
966,194034137933224215711411115039169708983,Ativa,
967,194420770890924850593413032769669563319,Ativa,
968,195175814725088652129951785959156876215,Ativa,
969,195960968033993562117467525839214347191,Ativa,
970,196394344894524150330002631980688343991,Ativa,
971,196913290151274206879728868659602654135,Ativa,
972,197608120978067980094340747039646942135,Ativa,
973,198176979422604885579282957455344272311,Ativa,
974,198810805198087975365168382031442478007,Ativa,
975,199160198938702843153848019454917870519,Ativa,
976,199798779037762088913796386741819802551,Ativa,
977,200357337662715815008057773013330035639,Ativa,
978,200983240067350340761765061771137385399,Ativa,
979,201646380896789008467767765691778991031,Ativa,
980,202460052224334602872113324524443009975,Ativa,
981,203226194814872377642061894535268795319,Ativa,
982,203840999334642717817557963942134023095,Ativa,
983,204168212992705392276258313111316202423,Ativa,
984,204634075459799054239087230121194816439,Ativa,
985,205388348879310567068820477071308620727,Ativa,
986,205732969043905787915372986254227669943,Ativa,
987,206510196288204608382179623653689525175,Ativa,
988,206977643001635905573312293308471706551,Ativa,
989,207638406352373845234656470146673279927,Inativa,Insatisfação
990,208245293681092297486491082671048098743,Ativa,
991,208824450202192807055018342291979109303,Ativa,
992,209121565715141612603235534989991084983,Ativa,
993,209452730006299898336191636355961586615,Ativa,
994,210184799178669650987589065533351527351,Ativa,
995,210766332465417425966712552640062161847,Ativa,
996,211571292498038251981356814526111286199,Ativa,
997,212270084099132438297157128010764387255,Ativa,
998,212994227999177726570964804828615934903,Ativa,
999,213686683961800134706518733612013323191,Ativa,
1000,214321304078840592510924253831341802423,Ativa,
1001,215100114064141960431935708102924698551,Ativa,
1002,215382962248813359776916920634727203767,Ativa,
1003,216083335560943980861964451210814817207,Ativa,
1004,216833626497638551681304454439509427127,Ativa,
1005,217228973206336992902045917100229526455,Ativa,
1006,217926974981879074514801114724440474551,Ativa,
1007,218709750653626931424036081156413981623,Ativa,
1008,219261968807190965974156938129977902007,Ativa,
1009,219568581003839543818973917751804167095,Ativa,
1010,220117632962345020821054703395175400375,Ativa,
1011,220508229308875431773235999810557051831,Ativa,
1012,220864755168679833638786298836112638903,Ativa,
1013,221285456870086902296369560019630556087,Ativa,
1014,221641983601401091816057014378406609847,Ativa,
1015,222244116844227875640423579483040383927,Ativa,
1016,222684626140860647984536100070259688375,Ativa,
1017,223469777310605170085535216063771575223,Ativa,
1018,224290581787306411249999075795685082039,Ativa,
1019,224779417093946384272154299828764148663,Ativa,
1020,225521788066603379171392683943292830647,Inativa,Insatisfação
1021,226140558510504695877656172936791589815,Inativa,Motivos financeiros
1022,226709425590911315419497192101182178231,Ativa,
1023,227382063817103218049079227703328244663,Ativa,
1024,227683930563729841515272562195531301815,Inativa,Desistência
1025,228088777600623530681674542170444661687,Ativa,
1026,228742433313674153176777105667667526583,Ativa,
1027,229566386476010036236133408366880097207,Ativa,
1028,230113058420513584736221195281858036663,Inativa,Insatisfação
1029,230517122603933470456042791678658216887,Ativa,
1030,230790459526923194878402650564026696631,Ativa,
1031,231509058564786759852161327018786685879,Ativa,
1032,232336993100745309723018543262916150199,Ativa,
1033,232680842058406616717908651054169588663,Ativa,
1034,233024693392912799144535272761799738295,Ativa,
1035,233419249959146485603132449706842784695,Ativa,
1036,233881943378967739503865835963568882615,Ativa,
1037,234415148120407113352820560947520471991,Ativa,
1038,234797819828438360045086901257151710135,Inativa,Insatisfação
1039,235392036751723043604326085423712699319,Ativa,
1040,235713695960996330530913288863988581303,Ativa,
1041,236318208267087092682810640571717387191,Inativa,Motivos financeiros
1042,236994024255649279941774598415017313207,Ativa,
1043,237486032729426111764243463657396372407,Ativa,
1044,238037486568906371203158294972380480439,Ativa,
1045,238578587743619054237652210301945512887,Ativa,
1046,239013550355822365448483284950897132471,Ativa,
1047,239375622107774603301275658385266836407,Ativa,
1048,239708380469562676035566179418712048567,Ativa,
1049,240179787798838061299129488359972668343,Inativa,Insatisfação
1050,240838184921274349943803567871055102903,Ativa,
1051,241472792599493293002436541947893253047,Ativa,
1052,242095526036083573212612167815347307447,Ativa,
1053,242849778618588344792024836964096410551,Ativa,
1054,243372684015813514331017216592867230647,Ativa,
1055,243849637554149385646510736935743652791,Ativa,
1056,244438302722402207159361436517897864119,Ativa,
1057,245061828282161304982426664174744765367,Ativa,
1058,245578395980982470976172857059185001399,Ativa,
1059,246045846259681081309269116842785637303,Ativa,
1060,246620246238816884501948451030896477111,Ativa,
1061,247137605347753405482211560996827562935,Ativa,
1062,247940979232560695923124972573006496695,Ativa,
1063,248390203547841874833918490685974250423,Ativa,
1064,248733261649984964444547811176490468279,Ativa,
1065,249335395447408885866437504328488190903,Ativa,
1066,249742627965047717016006795964925084599,Ativa,
1067,250318616785754581264623204398522434487,Ativa,
1068,251062569390219848427621983684686775223,Ativa,
1069,251856435182471964515004453703901250487,Ativa,
1070,252632084201773500836924270373461296055,Ativa,
1071,253361770666383799503197550113370407863,Ativa,
1072,254199213611810173777265599149053838263,Ativa,
1073,254571585024889265992608971582521738167,Ativa,
1074,255016846822850456486543144486437127095,Ativa,
1075,255427248863130670781116039508865057719,Ativa,
1076,256263898813878439788789524219627307959,Ativa,
1077,257206713472429210318370040949112046519,Ativa,
1078,257668615482135109237245765413838783415,Ativa,
1079,258441089353595723901652966534361121719,Ativa,
1080,258815837294637593987434159454988534711,Ativa,
1081,259288049661272286695676861553716757431,Ativa,
1082,259905224529208728631247033714765726647,Ativa,
1083,260523202770713065206479265521138402231,Ativa,
1084,260996987816373666061077290778997556151,Ativa,
1085,261346386152221959671931042629752718263,Ativa,
1086,262015863570870355725509485992123564983,Ativa,
1087,262398533694338352136502344648816329655,Ativa,
1088,263266875623145289504739254917669323703,Ativa,
1089,263819095519728899364039927557752357815,Inativa,Insatisfação
1090,264166907470079169865173629455055455159,Ativa,
1091,264946522255055357687398457434158924727,Inativa,Insatisfação
1092,265667516518728053894605148856573494199,Ativa,
1093,266228424496384815470536115357017703351,Ativa,
1094,266590498149812953663100754174236951479,Ativa,
1095,267252842894674678039472065494940648375,Ativa,
1096,267729006845142932193587301376187433911,Ativa,
1097,268382637284409712638809495621209424823,Ativa,
1098,268759766903244924027980126681968149431,Ativa,
1099,269255735200584218782318607153091576759,Ativa,
1100,269813500989315664631571113802782213047,Ativa,
1101,270450492801400986934272248670027252663,Ativa,
1102,271192068640218988675489266370907210679,Ativa,
1103,272009703435822521670541922663762494391,Ativa,
1104,272405052125225025744985033078590407607,Ativa,
1105,273072945297535786566948452170033529783,Ativa,
1106,273747175772109738363316284873379152823,Ativa,
1107,274499843078310762031377690788496671671,Ativa,
1108,275231911141486239482012388569142002615,Ativa,
1109,276032117246671722089180423653880497079,Ativa,
1110,276444894943404926604331277576342602679,Ativa,
1111,276995531385932526379322653395172721591,Ativa,
1112,277566766516888534765711998454868476855,Ativa,
1113,278179200213123798094512674581944468407,Ativa,
1114,278655361390606364250675101706672669623,Ativa,
1115,279067348469505838919272209754844562359,Ativa,
1116,279670274786239390530416379821679707063,Ativa,
1117,280459385938002700591183000808215282615,Ativa,
1118,280758869580729057500388658565049746359,Ativa,
1119,281105888536400722726333110490107216823,Ativa,
1120,281471921854934998823293094611741049783,Ativa,
1121,281918768691515449688077005754057622455,Ativa,
1122,282403646313753347660219701680469705655,Ativa,
1123,282737988684194568080688621222944310199,Ativa,
1124,283422519216036186814344839735491691447,Ativa,
1125,283950178065327724674186807615410144183,Ativa,
1126,284553106521221664170933652319411372983,Ativa,
1127,284867641692577993477532006565279957943,Ativa,
1128,285354101659677626337811843311374435255,Ativa,
1129,285796988514239289241218775543835788215,Ativa,
1130,286131329300117259376111586939372831671,Ativa,
1131,286518755965549962156665345949076554679,Inativa,Insatisfação
1132,286885582120306518494928310149157487543,Ativa,
1133,287358573458235051447602423906819113911,Ativa,
1134,287898118987976766904715341786993918903,Ativa,
1135,288473314576320538335419574736914744247,Ativa,
1136,289158639212035037542992710536834319287,Ativa,
1137,289900225350514166138368420140405752759,Ativa,
1138,290620397701228939369574642202729251767,Inativa,Motivos financeiros
1139,291278784444775938643511967909014668215,Inativa,Insatisfação
1140,291755736794689372244973996254228120503,Ativa,
1141,292114641717757752433028501748779844535,Ativa,
1142,292813441875493490289615121691500086199,Ativa,
1143,293530449615712956260104214276034790327,Ativa,
1144,294272827401991927389005222992947708855,Ativa,
1145,294610328995413404098938982207909528503,Ativa,
1146,295151457503842154550591608769223066551,Ativa,
1147,295595139809155460669841180876301665207,Ativa,
1148,295953265998614488159365897135344321463,Inativa,Insatisfação
1149,296381079140660674671510284824494736311,Ativa,
1150,297125030794387991657443771400740668343,Ativa,
1151,297471259528366739611995202626584314807,Ativa,
1152,297871371890268576342270235783129727927,Ativa,
1153,298513107330128115198588676399190770615,Ativa,
1154,298848242299107128315453686164383597495,Ativa,
1155,299296675125044789722767449000591492023,Ativa,
1156,299810073459680897602642075745725449143,Ativa,
1157,300365461373570802837253906759422313399,Ativa,
1158,300988196077811683275670756072601420727,Ativa,
1159,301833559700329096098820693114600293303,Ativa,
1160,302370726879860295848783751270342329271,Ativa,
1161,302903140528096964770283292856135451575,Ativa,
1162,303484676270917777696549293978305168311,Ativa,
1163,303974309009013456787139231281915888567,Ativa,
1164,304770549031611637838543401075674973111,Ativa,
1165,305444779189272939580107372068390306743,Ativa,
1166,306103166249732588909476811633324196791,Ativa,
1167,306884354981385285106283830993471407031,Ativa,
1168,307707536382190116717513794591016616887,Ativa,
1169,308038710814553204278240811345451942839,Ativa,
1170,308853175770602704068452948483122660279,Ativa,
1171,309628821224636927248083508475810022327,Ativa,
1172,310328406533463181460255076595089540023,Ativa,
1173,310781589008515410500742084839575126967,Ativa,
1174,311504148424538576003316199393209877431,Ativa,
1175,312099946900403369307916010780029617079,Ativa,
1176,312415272531137103428823403070566433719,Ativa,
1177,313095052066985391787422030409167537079,Ativa,
1178,313502282920832810140491421328724984759,Ativa,
1179,314268419648486558857162052953398576055,Ativa,
1180,314903036834085003630073019893903786935,Ativa,
1181,315565384272704253491485571115653530551,Ativa,
1182,316269723271281363564997556432196076471,Ativa,
1183,316791840982114816291689761187217802167,Ativa,
1184,317247398955163710518727439474606998455,Ativa,
1185,317880436568886108404990525959341081527,Ativa,
1186,318740062211394038982190132885281047479,Ativa,
1187,319087076571832278382836379616547177399,Ativa,
1188,319563237907771169567894243823017264055,Ativa,
1189,320222417012171473998581537211014185911,Ativa,
1190,320941016842316664109284284272776315831,Ativa,
1191,321365680268762096047361532610461565879,Ativa,
1192,322009015959048098010604013546983654327,Ativa,
1193,322404360845498801398692869084551578551,Ativa,
1194,323232295460685513782970842417023157175,Ativa,
1195,323775801210130504737295972038374327223,Ativa,
1196,324317726833102311204720630307427189687,Ativa,
1197,324698808352683734100655397657632834487,Ativa,
1198,325357987853224851104018836601281184695,Ativa,
1199,326085301038227034979743525623782704055,Ativa,
1200,326364185913296820761065757504983794615,Ativa,
1201,326717541775090864393033222680943526839,Ativa,
1202,327228575307532246509202109046643229623,Ativa,
1203,327638171676627853252582986334253351863,Ativa,
1204,328306067701152464592074421636335666103,Inativa,Insatisfação
1205,328881269627749237166505661706302391223,Inativa,Insatisfação
1206,329534895551010754296644970811094205367,Ativa,
1207,330362036220780911235924544886025749431,Ativa,
1208,331349220947956382712812685935740453815,Ativa,
1209,331723980614766304910213208984720245687,Ativa,
1210,332308675818251861669098757905082221495,Ativa,
1211,332994000691650848418030228529339433911,Ativa,
1212,333574738923787792756630834298350732215,Ativa,
1213,334290962067513879964537055677763552183,Ativa,
1214,334850314717112324018926714353743037367,Ativa,
1215,335463540774200892507565983081976562615,Ativa,
1216,336806457178079722854975163567937160119,Ativa,
1217,338139075346938624100981305475370058679,Ativa,
1218,339030392095995935382186779301445370807,Ativa,
1219,339981130125395269951250270444815909815,Ativa,
1220,395971351496191639305719092183565239,Ativa,
1221,2073230680413380009614181911956292535,Ativa,
1222,2897203570561729120461501155837739959,Ativa,
1223,3896269432216002188206387912255996855,Inativa,Insatisfação
1224,4412045245552838114445280098696561591,Ativa,
1225,4772532196570303132790038729081488311,Ativa,
1226,5197995114403666511318129124839785399,Ativa,
1227,6578143525605475157867964584863990711,Ativa,
1228,7314172363081365714233259169297990583,Ativa,
1229,7761018882749166518393813457491461047,Ativa,
1230,8273624935760131756675930215560774583,Ativa,
1231,8855160044755644563206456779443798967,Ativa,
1232,9431942731650901742576348650430268343,Inativa,Desistência
1233,9960393862567582244612620017620747191,Inativa,Insatisfação
1234,10350988545306580402978724043989189559,Ativa,
1235,10805758118910295185222306431200658359,Ativa,
1236,11389668171305335580646111426732360631,Ativa,
1237,11713714287430689750935815924803175351,Ativa,
1238,12177987992181453171925363096526521271,Inativa,Insatisfação
1239,12567801802150710738351450346219635639,Ativa,
1240,13643710028661456101318127894925673399,Ativa,
1241,15015942278777489513112074276489659319,Ativa,
1242,15383559922877563352734442753769079735,Ativa,
1243,16045127756377672857072995696430547895,Ativa,
1244,16580698805346860236883342607566242743,Ativa,
1245,17438739884604505530393526401111425975,Ativa,
1246,17948175701920624991054269757008380855,Ativa,
1247,18331639850033339358220958870362391479,Ativa,
1248,18841871118101102035059015848185562039,Ativa,
1249,19529570380302478767972481668026205111,Ativa,
1250,20168941810248917001982468118194422711,Ativa,
1251,20628463805952887419971671987977454519,Ativa,
1252,21403319830575818468957134723720938423,Ativa,
1253,21984059013450712975367854493427565495,Ativa,
1254,22907860893702122924282199828332807095,Ativa,
1255,23555155219128150103188409800846476215,Ativa,
1256,24409234256434782066071821968107373495,Ativa,
1257,25104856968712885350143030009639732151,Ativa,
1258,25459798978320464552351337259234231223,Ativa,
1259,26169682126025835303738963408512615351,Ativa,
1260,26972264283805120699303970750817633207,Ativa,
1261,27320885945976286980346864276416496567,Ativa,
1262,27625896466091476454307211212612699063,Ativa,
1263,28180493603691326820562747208409285559,Ativa,
1264,28484730302343239474017242060463276983,Ativa,
1265,29180353965359292932100302264556848055,Ativa,
1266,29597886064896815931149427732824458167,Ativa,
1267,30235697413095185786347942587547255735,Ativa,
1268,30767293109782057441833969132692046775,Inativa,Insatisfação
1269,31501738334745612877836339681402553271,Ativa,
1270,31791714201829445498946508937241035703,Ativa,
1271,32324126503187351676831759550501880759,Ativa,
1272,32634701375612242964814514627337782199,Ativa,
1273,33012619235436308770833501077954102199,Ativa,
1274,33742311008333495891532466316623741879,Ativa,
1275,34222433356257287719130626527575933879,Inativa,Motivos financeiros
1276,34979853243014892045241791477373469623,Ativa,
1277,35699246305523174970183465576738063287,Ativa,
1278,36210268349880992518087577173254996919,Ativa,
1279,36962152168782912624530097888343360439,Inativa,Desistência
1280,37347193115785985877735016395778032567,Ativa,
1281,37924765786689672785495217327697036215,Ativa,
1282,38770922007744878310878754134416425911,Ativa,
1283,39486352473705010309569921702976291767,Ativa,
1284,39864270967354376225942821738113139639,Ativa,
1285,40353900060954579663813416904059782071,Ativa,
1286,40731026193750640425807494461295690679,Ativa,
1287,41543907774972292640662676610773943223,Ativa,
1288,42310044027257066273294832096139019191,Ativa,
1289,42845626801994305765947799384411603895,Ativa,
1290,43678315027703711495504071644351300535,Ativa,
1291,44457919750703260005372710058350347191,Ativa,
1292,44843758921443664472255420656655795127,Ativa,
1293,45157518211404491590872829830113788855,Ativa,
1294,45853127692579454991852214978198373303,Ativa,
1295,46260359972533798600290322096503129015,Ativa,
1296,46626392498786449553651885686718202807,Ativa,
1297,47301418661796532113474504121576063927,Ativa,
1298,47665878825935924975898784662473147319,Ativa,
1299,48859837014592924204783257081950241719,Ativa,
1300,49605372756201551394102582117256135607,Ativa,
1301,50303372551039570150817074930893718455,Ativa,
1302,51058417256713159345308658237891150775,Ativa,
1303,51747702825184396681336207583983436727,Ativa,
1304,52250801419465487682925635408092201911,Ativa,
1305,52675470708794945673243023892797457335,Ativa,
1306,53121519163181740294793928517091591095,Ativa,
1307,53641255116993689205316293615656633271,Ativa,
1308,54377286489770780214701892877999670199,Ativa,
1309,54717965053280916412145439834863043511,Inativa,Motivos financeiros
1310,55434200715056680878836262778924434359,Ativa,
1311,55912726932418460336552209197889225655,Ativa,
1312,56487131506787689355943034437855609783,Ativa,
1313,57139179838877222454231892925318693815,Ativa,
1314,57902938454004943011894265113647252407,Ativa,
1315,58516165857972274240297810082964702135,Ativa,
1316,59043031395672556772462079438429094839,Ativa,
1317,59864627520173640468269525739199792055,Ativa,
1318,60525391029367905158368120695811212215,Ativa,
1319,61331933565306791083184852350892508087,Inativa,Motivos financeiros
1320,62006957668384648270174220140817941431,Ativa,
1321,62868975922172347117275750403630433207,Ativa,
1322,63452873060376897688075553988187259831,Inativa,Insatisfação
1323,63944086162630248807940985084312814519,Ativa,
1324,64253868674201834938411538242504754103,Inativa,Insatisfação
1325,64543050992009924686771893306831143863,Ativa,
1326,65139641115674560519899415595494671287,Ativa,
1327,65846354423825898069553161907543999415,Ativa,
1328,66809769909965465097688064386503279543,Ativa,
1329,67628986020464620296045799557967381431,Ativa,
1330,68012452070053235002558600939431003063,Ativa,
1331,68837222470885452697770458484585006007,Ativa,
1332,69451235818224925429081286103762469815,Ativa,
1333,70291054420104289922721302472716190647,Ativa,
1334,70977968531215150300428122484696679351,Ativa,
1335,71460462415727481600767286760402322359,Ativa,
1336,72170347068767940125415334726842188727,Ativa,
1337,72679786292895047699943338588697265079,Ativa,
1338,72967391177987478442402481536206373815,Ativa,
1339,73432466037917586104119321245409084343,Inativa,Insatisfação
1340,74200171641645442281230122115622241207,Ativa,
1341,74531344806357929613072182152595243959,Ativa,
1342,74877571876545264768027487917742228407,Ativa,
1343,75457524482222717659956535954050909111,Ativa,
1344,75778396876614075427922760066689926071,Ativa,
1345,76395584183372032107142875570854167479,Ativa,
1346,76853523041932642489942257175342875575,Ativa,
1347,77541224522522569628039516060981134263,Ativa,
1348,78202778570322401644738347069063037879,Inativa,Insatisfação
1349,78505430230355053931624619553461633975,Ativa,
1350,78786690048824367301607913010525111223,Ativa,
1351,79217695689679066094702518947264332727,Ativa,
1352,79895884403252230539759210784224445367,Ativa,
1353,80589923027649023624381289390972076983,Ativa,
1354,81417064410472643193401959220102038455,Inativa,Insatisfação
1355,81993053310407669957001873812739064759,Ativa,
1356,82622135378888380678805004282117751735,Ativa,
1357,83084030495744140853991894381213516727,Ativa,
1358,83869988604323870739509378484522976183,Ativa,
1359,84463387100689781948075074722549990327,Ativa,
1360,85064730121823648494390328553879372727,Ativa,
1361,85689839927920381546381931504113812407,Ativa,
1362,86387047203448770117930934389589672887,Ativa,
1363,86726936496003939212821210112742130615,Ativa,
1364,87619847791060012583224543204121772983,Ativa,
1365,88489763191174483237490310088271070135,Inativa,Motivos financeiros
1366,89346220816376118441089000599091151799,Ativa,
1367,89976083519942082210286671859512771511,Ativa,
1368,90346077295864121357035669218440512439,Ativa,
1369,90982281421557726841997688236956451767,Ativa,
1370,91761092516053369967353642983927055287,Ativa,
1371,92500294045297144238423753743283782583,Ativa,
1372,93222865900141824476641255927499195319,Ativa,
1373,93916891768804452762873142825237873591,Ativa,
1374,94666390582330205967339427153706222519,Ativa,
1375,95347751987671254130197722859359699895,Ativa,
1376,95984745859688801804697687832125506487,Ativa,
1377,96474384460668506951324299768629560247,Ativa,
1378,97185054106343156803537527482433668023,Ativa,
1379,97481367354918342912331848475184726967,Ativa,
1380,97929007423861886590974413961567667127,Ativa,
1381,98331485697152724283569701872036217783,Ativa,
1382,98981156075172554251007429140984103863,Ativa,
1383,99775024006585058230180519685371724727,Ativa,
1384,100202078301290683119492480128401015735,Ativa,
1385,101060104644110100753954451884402279351,Ativa,
1386,101851593274574138857954492146291835831,Ativa,
1387,102233472621752080397553659311399633847,Ativa,
1388,102979020485269572265937247588541793207,Ativa,
1389,103529646548907882673202525953472070583,Ativa,
1390,104027197824934212426839894011958002615,Ativa,
1391,104448692758704373903395928391398196151,Ativa,
1392,104840079089243214589286285027636937655,Ativa,
1393,105530949300192899727986804559198815159,Ativa,
1394,106030086169435627452056591308041749431,Ativa,
1395,106522093058649208991970419328518718391,Inativa,Insatisfação
1396,107315959247042137653661308293329716151,Ativa,
1397,108082095578555073797674934660768203703,Ativa,
1398,108427531713996029051538626693986255799,Ativa,
1399,108910041840281675777884481570822423479,Ativa,
1400,109407585351948079133868967041133970359,Ativa,
1401,110148365819242600180806047132071232439,Ativa,
1402,110863797156712519832998799536438903735,Ativa,
1403,111420000566079184390872922686987961271,Ativa,
1404,111937336540392251206180546293964997559,Ativa,
1405,112680498130882975952206863463407158199,Ativa,
1406,113136850287032913163639958194954175415,Ativa,
1407,113881598896846961137956211997576266679,Ativa,
1408,114465508156960376389514195233814086583,Ativa,
1409,114873533827734137843214335820419040183,Inativa,Insatisfação
1410,115174599894550392155259447054241629111,Ativa,
1411,115632537327004077286415433776748561335,Ativa,
1412,115946284098915227146177309691426898871,Ativa,
1413,116299640832219058436008658892256183223,Ativa,
1414,116754408900487685447283870197661041591,Inativa,Insatisfação
1415,117343075732531919761087686103233987511,Ativa,
1416,117666326556361955745730883675809383351,Ativa,
1417,117956304166465363676108125840947282871,Ativa,
1418,118582996079739344070828391346636850103,Ativa,
1419,118917339876287489750870418814985831351,Ativa,
1420,119779341650617385626805041141899330487,Ativa,
1421,120418713476704636433358598433688257463,Ativa,
1422,121303705045407621420620882199112319927,Ativa,
1423,121718846831282089068182075925414020023,Ativa,
1424,122505594527729436108848803255746298807,Ativa,
1425,122811402162387681600545877237122204599,Ativa,
1426,123323216013001666705890025315827450807,Ativa,
1427,123835823888260369769547495149171639223,Ativa,
1428,124266032176887525008725897312892879799,Ativa,
1429,124806368482919295332377344811370546103,Ativa,
1430,125617688239373303857397297126452757431,Ativa,
1431,126163546827560480924237023851730699191,Ativa,
1432,126758550169586281067948364712126972855,Ativa,
1433,127446251570948045691484892853744960439,Ativa,
1434,127924008958220786730146679800293753783,Ativa,
1435,128548315073836975084648194244794909623,Ativa,
1436,128943671369143080528757351390877320119,Ativa,
1437,129419032500640577640629791407758115767,Ativa,
1438,129945902950486936054938510098656658359,Ativa,
1439,130704112821252970109594513871600878519,Ativa,
1440,130998841506577870932681236148941751223,Inativa,Insatisfação
1441,131566906718751683602594982217363227575,Ativa,
1442,132138140978197904334475906449557160887,Ativa,
1443,132451885056351528709708263970849424311,Ativa,
1444,133345580789444655810039369921684833207,Ativa,
1445,133721121091339831056013532439148495799,Ativa,
1446,134424667412150985916453412338971968439,Ativa,
1447,134774855652779546747493854855649559479,Ativa,
1448,135193971919426542465858080863764612023,Ativa,
1449,135891181254887156405214880159980848055,Ativa,
1450,136368926441022870247204425022803542967,Ativa,
1451,137203198992298073722071198219282678711,Inativa,Insatisfação
1452,137917056541547810030295882532143760311,Ativa,
1453,138233957782749465327196260839274578871,Inativa,Motivos financeiros
1454,139102298206221314924123652354547647415,Ativa,
1455,139734540686104719653083978041175311287,Ativa,
1456,140049074510582286214730190750205871031,Ativa,
1457,141412590395171150322194992239848194999,Ativa,
1458,141700213740425446887433583600217621431,Ativa,
1459,142133571665425194192342087581433070519,Ativa,
1460,142684202641209580485631384885800469431,Ativa,
1461,143444001987371975710754339243231019959,Ativa,
1462,143894019297331759890131452574998725559,Ativa,
1463,144181626163128253491173300847755133879,Ativa,
1464,144526257974263363931931379051067081655,Ativa,
1465,145286849522822739286298787443464471479,Ativa,
1466,145725778376069677088762707013143888823,Ativa,
1467,146342965445143146220946292987786429367,Ativa,
1468,146657494040561986843092905461847163831,Inativa,Insatisfação
1469,147448984889414575346638795006019896247,Ativa,
1470,148238096595775023004581485393635181495,Inativa,Insatisfação
1471,148918667462510503839150413712577528759,Ativa,
1472,149376606004158464163658458644990919607,Ativa,
1473,150207709428933097066632934325125120951,Ativa,
1474,150706055363429444891766361238712615863,Ativa,
1475,151144979225302144296330520927777588151,Ativa,
1476,151991927648754329949553388685724222391,Ativa,
1477,152746971720602619028566806457183634359,Ativa,
1478,153242149241651858911355095349670970295,Ativa,
1479,153831609939884486152230420522280944567,Inativa,Insatisfação
1480,154620718952487408329579175640878547895,Ativa,
1481,155221268345117369490891979345702945719,Ativa,
1482,155976312100053008515122646029785367479,Ativa,
1483,156419989572448401261285945225733473207,Ativa,
1484,156927843837184410982324773186548532151,Ativa,
1485,157433318642515629796632641978417546167,Ativa,
1486,158157463334842543213357569884048065463,Ativa,
1487,158841993312087024349286309516139561911,Inativa,Insatisfação
1488,159384707572188497804748717903715763127,Ativa,
1489,160230071986987535771221511474933662647,Inativa,Motivos financeiros
1490,160856766910931691713122397960355972023,Inativa,Motivos financeiros
1491,161736198167961263118204382670059996087,Ativa,
1492,162446881044739052849326152173438108599,Ativa,
1493,162965822498537308720335957468136080311,Ativa,
1494,163449904590795400966149351588820681655,Ativa,
1495,163921311127789161090059674747215807415,Ativa,
1496,164325389176137486808773829896312193975,Ativa,
1497,164746077804897740613974530018047689655,Ativa,
1498,165385453196252304563343702193158226871,Ativa,
1499,165715854916346390499319313999583249335,Ativa,
1500,166116725729447976283956146473632269239,Ativa,
