idPagamento,idAluno
10122077548737902197296042357726812692,315477683530151932611504319519906141369
319191377153656761799670711171866982680,315477683530151932611504319519906141369
249261427315403266269760143297976094078,315477683530151932611504319519906141369
240561422941489510410669542450521059349,315477683530151932611504319519906141369
182329011055351367234947615551813772644,315477683530151932611504319519906141369
154279491309912956126761255783322065934,315477683530151932611504319519906141369
138966185324519088716914197534060779992,315477683530151932611504319519906141369
280185619214782649574983338924276413928,315477683530151932611504319519906141369
274367741873343523504644036628865387842,315477683530151932611504319519906141369
281707371984252103381262850476813180140,315477683530151932611504319519906141369
321928787454260067676389512100380990171,315477683530151932611504319519906141369
230082439284953104254840688651290077827,315477683530151932611504319519906141369
236574715786793539557130845520888006226,315477683530151932611504319519906141369
39396077918191255495240760780881689945,315477683530151932611504319519906141369
173821394184921019261331948112532355494,315477683530151932611504319519906141369
67777381006315822810812775458670770162,315477683530151932611504319519906141369
9215199094080129523912575710981769050,315477683530151932611504319519906141369
233237016379695753960997677656293455152,315477683530151932611504319519906141369
6817534695750334919935941761399927459,315477683530151932611504319519906141369
21779055779402000759855494686548807423,315477683530151932611504319519906141369
157523050264777845817405886395100925382,315477683530151932611504319519906141369
65344502319904423707379164663014867779,315477683530151932611504319519906141369
69401046977366262352295124997449296401,315477683530151932611504319519906141369
87378364890792013339032886041372530149,315477683530151932611504319519906141369
9332630982916518753362052208351303508,315477683530151932611504319519906141369
166000065233332170780594327237110938963,315477683530151932611504319519906141369
279861076230471890859465339020913937779,315477683530151932611504319519906141369
125844724855904441409740512453611928329,315477683530151932611504319519906141369
174357530550295001945119817517897782003,315477683530151932611504319519906141369
40977785214876880430868097395988080608,315477683530151932611504319519906141369
295447535123349364265869295613200363944,315477683530151932611504319519906141369
271413310493575960904353072848930617778,315477683530151932611504319519906141369
229858012411768740040803729365654279644,315477683530151932611504319519906141369
271509763010539308044666382725549722875,315477683530151932611504319519906141369
287171545726814601751557342519128309619,315477683530151932611504319519906141369
180222917121149849493771602646629535826,315477683530151932611504319519906141369
25002088220540187536857121501792860387,315477683530151932611504319519906141369
135344896763138580352832082735104075610,315477683530151932611504319519906141369
216722806176125155966510342202399134781,315477683530151932611504319519906141369
260052399647859660504306379338180858367,315477683530151932611504319519906141369
40397116659894061465890404070620560012,315477683530151932611504319519906141369
244806087557798980457367258890728413023,315477683530151932611504319519906141369
274515955518864809691958909361332188669,315477683530151932611504319519906141369
183716985001282504138677311460005796676,315477683530151932611504319519906141369
172738741684068837061290553376176305645,315477683530151932611504319519906141369
104999505347142514888254765465549227001,315477683530151932611504319519906141369
106729463259125464119582569958064572457,315477683530151932611504319519906141369
147424728228871151622746529108975470314,315477683530151932611504319519906141369
328647259164937032116937099684435995496,315477683530151932611504319519906141369
47808216620361285295944686928116360749,315477683530151932611504319519906141369
237248239740284752331236472613456596395,315477683530151932611504319519906141369
71026337648417654443382654798958179786,315477683530151932611504319519906141369
89958409867815900304383583263741506286,315477683530151932611504319519906141369
221973338884313523375898460289997492760,315477683530151932611504319519906141369
329199475177239584004009575651496979367,315477683530151932611504319519906141369
121043712752551482237033696193915517039,315477683530151932611504319519906141369
266388759291906560695467044768283075335,315477683530151932611504319519906141369
5260278139278029643242598114806229833,315477683530151932611504319519906141369
297703329216629560615245492439607120280,315477683530151932611504319519906141369
269883980129461682401371478782224509110,315477683530151932611504319519906141369
288983863165356907945081997584240748162,315477683530151932611504319519906141369
251964419998578251006514483952632177722,315477683530151932611504319519906141369
35741764056514292285055405301135092917,315477683530151932611504319519906141369
269899739501395942387704234777515567475,315477683530151932611504319519906141369
95436653025964713027317624131304215205,315477683530151932611504319519906141369
259863087091961217721240074773501568728,315477683530151932611504319519906141369
124799537277360309495142927591453965590,315477683530151932611504319519906141369
267187403364669611018851969456289346706,315477683530151932611504319519906141369
186489326240652403440192215797995670618,315477683530151932611504319519906141369
41234282527935470204934520215979546403,315477683530151932611504319519906141369
184750222615759667457444117368133315036,315477683530151932611504319519906141369
338628981119740123371136289387280099773,315477683530151932611504319519906141369
259725442241215073216259052331042735845,315477683530151932611504319519906141369
279210176814759955847324642723777703667,315477683530151932611504319519906141369
237527969183406975441080601319015708791,315477683530151932611504319519906141369
278704583181580824113926051254385072937,315477683530151932611504319519906141369
46373718906226416931548537698402504750,315477683530151932611504319519906141369
227002806669052372737418132556763236694,315477683530151932611504319519906141369
288179634095321353782338740130880513761,315477683530151932611504319519906141369
7738756892610181809481311273065922928,315477683530151932611504319519906141369
40048754279351072867523932665334169000,315477683530151932611504319519906141369
123955939719172514736094696333890241887,315477683530151932611504319519906141369
161006151787186045609470346142381856430,315477683530151932611504319519906141369
261762374113756952430572443356364384595,315477683530151932611504319519906141369
195878877478101270126315195767538293048,315477683530151932611504319519906141369
102171831921509586132796817964880596773,315477683530151932611504319519906141369
98056634163328614014176471273152528398,315477683530151932611504319519906141369
32109629818254002263010975080376117046,315477683530151932611504319519906141369
84840888721661615832263477134344649148,315477683530151932611504319519906141369
122352189474086904111495338060718983130,315477683530151932611504319519906141369
130558184954361589326193961713786901429,315477683530151932611504319519906141369
145123239448425476151295549290405981220,315477683530151932611504319519906141369
43338837075779660483522069056179997677,315477683530151932611504319519906141369
162465016127031304132732959551610468689,315477683530151932611504319519906141369
126309697257742941579279352699466506869,315477683530151932611504319519906141369
315421329694812245225103901276589882344,315477683530151932611504319519906141369
136371002532780993205438172934621240894,315477683530151932611504319519906141369
297122112234312757438130785415953251436,315477683530151932611504319519906141369
333292016417892716599952377109639597072,315477683530151932611504319519906141369
10710758114600188899996657834115438857,315477683530151932611504319519906141369
110449150201352693892419344566650282053,315477683530151932611504319519906141369
163269373249526550536601317502189038173,315477683530151932611504319519906141369
243480131930378253483734069094751724356,315477683530151932611504319519906141369
244468931836724677682310665874049709360,315477683530151932611504319519906141369
233429623677709300351764639368725438935,315477683530151932611504319519906141369
140683893626958191706039593937200963258,315477683530151932611504319519906141369
11423427205701753245387207529208818879,315477683530151932611504319519906141369
183078464083852123373781244415476409342,315477683530151932611504319519906141369
299216178561545450561539900672928897952,315477683530151932611504319519906141369
29175376469154332752407858522309840758,315477683530151932611504319519906141369
238418959329193023037912017001570428646,267554867758108259697983510307403961057
5258595243893556825471598216096449098,267554867758108259697983510307403961057
274496117763658739634900570744576789831,267554867758108259697983510307403961057
279085413673107576590332749626023426585,267554867758108259697983510307403961057
183048727827750747666914383560753784016,267554867758108259697983510307403961057
327909925916751329551421129046417019122,267554867758108259697983510307403961057
43580853827960476396200553106030953020,267554867758108259697983510307403961057
148628738572323362064551846095441135464,267554867758108259697983510307403961057
303821946443387302348278763518849263514,267554867758108259697983510307403961057
208780650698916318462468347855761162791,267554867758108259697983510307403961057
322482135373195536100729371176019576298,267554867758108259697983510307403961057
203725174352855362963009606724278030810,267554867758108259697983510307403961057
254420270054427755823062292285908221693,267554867758108259697983510307403961057
326116372911959536012722329588832721923,267554867758108259697983510307403961057
332576560571915614913305502998662006342,267554867758108259697983510307403961057
239564702119213063559852408726512415954,267554867758108259697983510307403961057
149430352710322161773540392874816948908,267554867758108259697983510307403961057
185250903799410399847647299918233111277,267554867758108259697983510307403961057
16539142262334229184317667195418737947,267554867758108259697983510307403961057
208811479587689786165049073320285315279,267554867758108259697983510307403961057
321671337206230487322518117651243078199,267554867758108259697983510307403961057
49963506563619872455993469800816585158,267554867758108259697983510307403961057
226265229310498354638134171253393067293,267554867758108259697983510307403961057
253418078643477803044709685786891557033,267554867758108259697983510307403961057
122078250488547010071109340447670146078,267554867758108259697983510307403961057
47678979943506561800252700657379508763,267554867758108259697983510307403961057
95808466789541402331637815143596369536,267554867758108259697983510307403961057
78231344387243919369006426793258535189,267554867758108259697983510307403961057
52079357834500322624539902227821847767,267554867758108259697983510307403961057
7530860365047433858398508930899183712,267554867758108259697983510307403961057
264731921562463064544791300797089392144,267554867758108259697983510307403961057
71606239549923170644859720475585993089,267554867758108259697983510307403961057
310612723701472395793286467350655643998,267554867758108259697983510307403961057
334617514792679359882187876436036649293,267554867758108259697983510307403961057
174510188942949169372304423961204762287,267554867758108259697983510307403961057
26168398590719669526991015660527394488,267554867758108259697983510307403961057
130571153211025495302213177184882816359,267554867758108259697983510307403961057
39434340196162602224270193286716155257,267554867758108259697983510307403961057
112500634029585226549056039894811161172,267554867758108259697983510307403961057
142448658034808054909879080296797562880,267554867758108259697983510307403961057
103490585114790033738461206483076944300,267554867758108259697983510307403961057
178626153648584411050932521371143397062,267554867758108259697983510307403961057
39787388400888627943334103699661074065,267554867758108259697983510307403961057
302717010894202906111465227653382343464,267554867758108259697983510307403961057
299869595527576370432883348088201456817,267554867758108259697983510307403961057
215317257466146762740596506398701390195,267554867758108259697983510307403961057
110881835112729387057921320260042797271,267554867758108259697983510307403961057
231034471067839585659174497727986284065,267554867758108259697983510307403961057
223408514422596502679832177957279884702,267554867758108259697983510307403961057
260316290639429537116014310860878495612,267554867758108259697983510307403961057
14954873275497907197394490642527794820,267554867758108259697983510307403961057
242066360554649839917673985772768340402,267554867758108259697983510307403961057
154175259268678422904589591031727393084,267554867758108259697983510307403961057
286970682205011078406737021019498842135,267554867758108259697983510307403961057
222603479153588318212692635250831001940,267554867758108259697983510307403961057
135035586717774592590510983202034553587,267554867758108259697983510307403961057
248074102760197976122639112834331998950,267554867758108259697983510307403961057
165894613188730013790255855973987752097,267554867758108259697983510307403961057
262994152140789327575168176322706781141,267554867758108259697983510307403961057
2394356829897693779858367326007699801,267554867758108259697983510307403961057
180973468088155485687620281179269870776,267554867758108259697983510307403961057
98393309969807480728013139441215413051,267554867758108259697983510307403961057
209018604261008940031429595313903519283,267554867758108259697983510307403961057
117341092354627647326439372580577954759,267554867758108259697983510307403961057
282772920559731433063841389310528305884,267554867758108259697983510307403961057
196007433005459235353634939207424295327,267554867758108259697983510307403961057
221013166035527043759368305557980960734,267554867758108259697983510307403961057
232845122652738693208605544721038713179,267554867758108259697983510307403961057
302548863736001544630014372605437786361,267554867758108259697983510307403961057
66279215007830735083471601785814153433,267554867758108259697983510307403961057
336740886936139015825580257131984204187,267554867758108259697983510307403961057
189878888938119815377055419077030284443,267554867758108259697983510307403961057
169602184956885266374991876252483191269,267554867758108259697983510307403961057
291812230321367894966877075233149629837,267554867758108259697983510307403961057
31312284221667328353390974855491326879,267554867758108259697983510307403961057
126394839706854025615125341352784800423,267554867758108259697983510307403961057
25118389346375413432034352896489667920,267554867758108259697983510307403961057
319964612185145107633788163408174210658,267554867758108259697983510307403961057
104726495684041255564158493897055956453,267554867758108259697983510307403961057
45367595267617036730444422885110754731,267554867758108259697983510307403961057
151685531682913731469654824588798968075,267554867758108259697983510307403961057
232483326750871111060776864416121938874,267554867758108259697983510307403961057
111383101353241516905668269611315177782,267554867758108259697983510307403961057
148791882252418248515765860077307203779,267554867758108259697983510307403961057
201800003949901948318405610509891251635,267554867758108259697983510307403961057
266230566644445754789399429548426417787,267554867758108259697983510307403961057
119664496147441763987118580648671304000,267554867758108259697983510307403961057
150399403391101535842971834856186765042,267554867758108259697983510307403961057
191081659129679672460020246711987869653,267554867758108259697983510307403961057
305243986394950586525329180281862070831,267554867758108259697983510307403961057
231977924533765615201153182513211950072,267554867758108259697983510307403961057
238721037624091379753711940044227268190,267554867758108259697983510307403961057
288807314845133077116735770064781196112,267554867758108259697983510307403961057
120740424529231448891282583110296858905,267554867758108259697983510307403961057
315993960978085498889770061072492425766,267554867758108259697983510307403961057
61409439886808150001339349989429918799,267554867758108259697983510307403961057
148173569243426884469017736306532214426,267554867758108259697983510307403961057
214795481270807934419333080319886044897,267554867758108259697983510307403961057
175453423793514511588434581520310442710,267554867758108259697983510307403961057
9834660163765356277786968262789546311,267554867758108259697983510307403961057
5939333511973881786176217656899289984,267554867758108259697983510307403961057
223529335064351536171636786613890830748,267554867758108259697983510307403961057
334652075029164736791411798307858897761,267554867758108259697983510307403961057
133955061920903009437917734189622508336,267554867758108259697983510307403961057
5599399413264640048453395936726923463,267554867758108259697983510307403961057
2615352023446504284177829742259383647,267554867758108259697983510307403961057
12289381870023706135933313115777530006,267554867758108259697983510307403961057
79138254350727717420012466254413951831,267554867758108259697983510307403961057
330905012514447909077137028479767055197,267554867758108259697983510307403961057
91253288734940377370821367585943222109,267554867758108259697983510307403961057
331370643653789045942024113798878646176,267554867758108259697983510307403961057
11463421862149108044349746333141843649,267554867758108259697983510307403961057
13359348250267284469728850243357097813,267554867758108259697983510307403961057
167251189390416675046902032923191985799,267554867758108259697983510307403961057
299383809413524740836207778329050223504,267554867758108259697983510307403961057
134871708629634198306135195889022657332,117048167031519321182412327436348014898
13874588674831337258923329457083676344,117048167031519321182412327436348014898
33128850147710104727008862333610864598,117048167031519321182412327436348014898
58094087287467305873162862056947175778,117048167031519321182412327436348014898
308058966005158470222764674197495084240,117048167031519321182412327436348014898
313764794911719565904895093273626143844,117048167031519321182412327436348014898
330011497825699539921700244447521507720,117048167031519321182412327436348014898
206680176068889116845669953122638586955,117048167031519321182412327436348014898
149320456642519724433443359320474958085,117048167031519321182412327436348014898
162225202409375676415413912485234619123,117048167031519321182412327436348014898
90278412328851645791363091360986633679,117048167031519321182412327436348014898
142021161116865769980177556463929724226,117048167031519321182412327436348014898
71050428046916622482075548747251436297,117048167031519321182412327436348014898
60696953892778346700538561410945524621,117048167031519321182412327436348014898
42923957901731043467725975970243266284,117048167031519321182412327436348014898
83871667612748518363980505893409940431,117048167031519321182412327436348014898
260415280779101982771511704128904847672,117048167031519321182412327436348014898
33075319100226562053843940196291689984,117048167031519321182412327436348014898
318335302705356491231559267327339673676,117048167031519321182412327436348014898
161661118812321985759384950229024614901,117048167031519321182412327436348014898
85588460966050138528572594754381070771,117048167031519321182412327436348014898
104859682420598077191201376587625299973,117048167031519321182412327436348014898
333156041885456769846988026903660128267,117048167031519321182412327436348014898
2077412944479695669162323455683259968,117048167031519321182412327436348014898
340269830646541610297265754037971247227,117048167031519321182412327436348014898
126710996848304543115253885022641471107,117048167031519321182412327436348014898
218139421088686165941936087816829382923,117048167031519321182412327436348014898
173206598914642135067104521444326825878,117048167031519321182412327436348014898
285361454353234418339792760149961552195,117048167031519321182412327436348014898
221851142513791712485131967481764820233,117048167031519321182412327436348014898
111779066973784857281275123209717177772,117048167031519321182412327436348014898
53975119513083481796902900273589917744,117048167031519321182412327436348014898
12267824978378281950179258766867274846,117048167031519321182412327436348014898
242197256468111554799097132598680744632,117048167031519321182412327436348014898
29392989091279783563385983840899903351,117048167031519321182412327436348014898
7219065856259364283854192567965614822,117048167031519321182412327436348014898
92330166683460837132579514781211982506,117048167031519321182412327436348014898
191738731431214270278521454444764788190,117048167031519321182412327436348014898
26622590254788608648110109674952198552,117048167031519321182412327436348014898
294623830768428520186092587769681781160,117048167031519321182412327436348014898
6044717752557006720911903155272598023,117048167031519321182412327436348014898
200212817198587859494972981685704415590,117048167031519321182412327436348014898
149772542641427314966061930781384027581,117048167031519321182412327436348014898
247737551350458320999867030048926225310,117048167031519321182412327436348014898
124410402183888322090652462542338505381,117048167031519321182412327436348014898
38069019073823565201056323783294966971,117048167031519321182412327436348014898
47913326382247076449408821051490831309,117048167031519321182412327436348014898
4354765309563372377446722167889312834,117048167031519321182412327436348014898
50046141908611816790645927043967972518,117048167031519321182412327436348014898
234110821989665467453512486943923771507,117048167031519321182412327436348014898
294398738690919181070171803239440934249,117048167031519321182412327436348014898
102860302156789061708219231359551981200,117048167031519321182412327436348014898
97098129473687848485483854501934523573,117048167031519321182412327436348014898
101904575732141589816405061664078527851,117048167031519321182412327436348014898
123677611747347293769755434391612370889,117048167031519321182412327436348014898
213738440836828989961781957271218763705,117048167031519321182412327436348014898
81253898351883309693813340833222700988,117048167031519321182412327436348014898
176347846783904113826791325203619613686,117048167031519321182412327436348014898
273502009023104497931609437047938654326,117048167031519321182412327436348014898
31140107002400283040850681606699880666,117048167031519321182412327436348014898
151650179176517691227933470625554162015,186624104312906700204188604429881054216
128853835086453355158192015575755582932,186624104312906700204188604429881054216
249537782660198479122964669054724915432,186624104312906700204188604429881054216
27061728246052495750251778111108839579,186624104312906700204188604429881054216
194697927635230845611954795620858711544,186624104312906700204188604429881054216
255218730369711911198656835112808245843,186624104312906700204188604429881054216
156836369193877356753324684608772581439,186624104312906700204188604429881054216
108577433516323729140444376308523365575,186624104312906700204188604429881054216
269059675878518856150308130455916288910,186624104312906700204188604429881054216
114494854714173877596293072053690886264,186624104312906700204188604429881054216
221562778833346149169227988545980258873,186624104312906700204188604429881054216
263794566826811207466768650530240691341,186624104312906700204188604429881054216
91174107159543172617256638998711892609,186624104312906700204188604429881054216
108769900706911773640134470110430654208,186624104312906700204188604429881054216
42627069457705484471827946018815519820,186624104312906700204188604429881054216
67192293025564857322546817397325586927,186624104312906700204188604429881054216
237314623212187576035999624524747698213,186624104312906700204188604429881054216
222120456594715905265963362309940085480,186624104312906700204188604429881054216
206120477716543696928654836913130615559,186624104312906700204188604429881054216
133355916508428483599507899143901512592,186624104312906700204188604429881054216
192416394660823736210735698413033779984,186624104312906700204188604429881054216
77118547832086530236987245721594439395,186624104312906700204188604429881054216
295478773554705084742943159966933448352,186624104312906700204188604429881054216
245725586524766430746324877921863191371,186624104312906700204188604429881054216
79876215976415445700400139314765621897,186624104312906700204188604429881054216
4927208821888335177243890181195639107,186624104312906700204188604429881054216
183355943096134100161909847376885494660,186624104312906700204188604429881054216
50572459746763617945496294630074977877,186624104312906700204188604429881054216
124830471906179785391299477800942168673,186624104312906700204188604429881054216
21495553359267588356080620244542804759,186624104312906700204188604429881054216
194925290437922176033607225225239233259,186624104312906700204188604429881054216
248897791703606696836665814135244366465,186624104312906700204188604429881054216
293845949737088774880493820188165326628,186624104312906700204188604429881054216
166391938311484432700905498573946416491,186624104312906700204188604429881054216
160235191295978772372645496824951258753,186624104312906700204188604429881054216
289478966821392813746438999142262709655,186624104312906700204188604429881054216
58189179391905316552171189525366485209,186624104312906700204188604429881054216
238946198142836077869844927380277714522,186624104312906700204188604429881054216
227053248847273001555808303914197143920,186624104312906700204188604429881054216
217907944989910060716329172888130615082,186624104312906700204188604429881054216
148420927228627317362916280616812356025,186624104312906700204188604429881054216
188002823627091402392709722282864956186,186624104312906700204188604429881054216
78333175072443425528386923713575808799,186624104312906700204188604429881054216
52740468405407158684312984789886535122,186624104312906700204188604429881054216
183645458141676420676626493264374157514,186624104312906700204188604429881054216
226952641972888981323500485911212259540,186624104312906700204188604429881054216
310888854656839002968269478767393129914,186624104312906700204188604429881054216
291585444000974073252297387912060531808,186624104312906700204188604429881054216
295443261870015871171399150388986332002,186624104312906700204188604429881054216
203480207237283640606267006950515334336,186624104312906700204188604429881054216
239721348046586883214971506655841326316,186624104312906700204188604429881054216
209579481533407906319270981287034547821,186624104312906700204188604429881054216
231626900412860751959129135506178033910,186624104312906700204188604429881054216
108472262549847030447848259263315556946,186624104312906700204188604429881054216
281893076730869488132821069441422630870,186624104312906700204188604429881054216
128174974225740178684336637823717417139,186624104312906700204188604429881054216
163043853932784795904492411756694087817,186624104312906700204188604429881054216
118278815741391965909009388766097454624,186624104312906700204188604429881054216
62337927767934293524915073395631609724,186624104312906700204188604429881054216
264333353836159082946148757596921058366,186624104312906700204188604429881054216
7489165428209453550051339820125472506,186624104312906700204188604429881054216
63550350249450973692798555488860848698,186624104312906700204188604429881054216
266695289940131507096102644066888571182,186624104312906700204188604429881054216
233579465521492851824780679206075447481,186624104312906700204188604429881054216
219760792901134267121971111483508311149,186624104312906700204188604429881054216
240793834856617313076442521178036624005,186624104312906700204188604429881054216
117063417593435989715882879125891424273,186624104312906700204188604429881054216
90474922578950772636297770876335808283,186624104312906700204188604429881054216
249282852181742062179386822713121892023,186624104312906700204188604429881054216
307495338110691628557134634749063762069,186624104312906700204188604429881054216
35406116787909849620996261601167919325,186624104312906700204188604429881054216
103617223894535751652735218962241408986,186624104312906700204188604429881054216
185693812186417007148157100923240694675,186624104312906700204188604429881054216
192951218918206381201509075461525193235,186624104312906700204188604429881054216
248196531410315165453421683222116780399,186624104312906700204188604429881054216
304710550149330523448053939233313591175,301008297773320366554637601963110089644
61929178806642204650020770473343482813,301008297773320366554637601963110089644
204139942514131649946721128929528329009,301008297773320366554637601963110089644
329235137932349307835323264499222732761,301008297773320366554637601963110089644
23749515985363977331888690512707774043,301008297773320366554637601963110089644
245094192653741042781196256287443059988,301008297773320366554637601963110089644
256286796396936799869821192713241487616,301008297773320366554637601963110089644
74909546511496627542828077531302782212,301008297773320366554637601963110089644
113572421170204586024137856171358965960,301008297773320366554637601963110089644
320887443279652960338158835394733959417,301008297773320366554637601963110089644
298904143137201606007502339787217011626,301008297773320366554637601963110089644
125284337101401481307940541942998429688,301008297773320366554637601963110089644
133471701741644235833708435632912942396,301008297773320366554637601963110089644
122131265158519357041244776586654137377,301008297773320366554637601963110089644
328779118053618378296416042235929798688,301008297773320366554637601963110089644
160929227033679526575708679539778659292,301008297773320366554637601963110089644
43535395945032157384010453014946549938,301008297773320366554637601963110089644
244155483041939960003801538351142204457,301008297773320366554637601963110089644
163218655772840833573505682041986325,301008297773320366554637601963110089644
207509263291307574384939865059906925514,301008297773320366554637601963110089644
330066236669942044291870941423000954652,301008297773320366554637601963110089644
168539134632489980589261256348496421265,301008297773320366554637601963110089644
184380628584048205956350936062544975952,301008297773320366554637601963110089644
320426413700334202399211834477451754872,301008297773320366554637601963110089644
48032992573561105058431952376961987328,301008297773320366554637601963110089644
195050093922345450511972354764439178194,301008297773320366554637601963110089644
106556773835330689283711144639391118998,301008297773320366554637601963110089644
296387596060711014366411181248905737072,301008297773320366554637601963110089644
198315425807693295258593498482017809232,301008297773320366554637601963110089644
297044811385893857632067428090562566031,301008297773320366554637601963110089644
145716693091097174065960410813013615070,301008297773320366554637601963110089644
113809313250979072395687113078879285975,301008297773320366554637601963110089644
69178599157802295366494381168378318111,301008297773320366554637601963110089644
272213616645002544522098766190690640333,301008297773320366554637601963110089644
210300331642005836221394339918683242036,301008297773320366554637601963110089644
50708406796593450775535389855097201226,301008297773320366554637601963110089644
163377718569761249147023222083922840782,301008297773320366554637601963110089644
152826751470097155994648305841966882300,301008297773320366554637601963110089644
174489081140159745309518634236935258952,301008297773320366554637601963110089644
50691798924871723099482231312107418181,301008297773320366554637601963110089644
157139255506353592718764831984739274931,301008297773320366554637601963110089644
188302521422893014132522440257799589199,301008297773320366554637601963110089644
60252160287047627787346922703060462605,301008297773320366554637601963110089644
262321716027419539169418804040716524874,301008297773320366554637601963110089644
231776526009690223841009047481849908036,301008297773320366554637601963110089644
257524359590504043286910792602755977570,301008297773320366554637601963110089644
51337162544054398765805064909382643732,301008297773320366554637601963110089644
27520504565737685700496948925411051812,301008297773320366554637601963110089644
81639075706900927815383497928387763273,301008297773320366554637601963110089644
189055741587966788297838142797213761574,301008297773320366554637601963110089644
245729963971500577250853041112056476153,301008297773320366554637601963110089644
179610671589145777104363759198824677359,301008297773320366554637601963110089644
30261111051253793870742688511399051312,301008297773320366554637601963110089644
57435302490882111204620261447753114364,301008297773320366554637601963110089644
329087592509282312335056206765333502921,301008297773320366554637601963110089644
325113360802861302557284193904956063272,301008297773320366554637601963110089644
172195486366854569744339909828044032736,301008297773320366554637601963110089644
146701203647814014271251785012864715580,301008297773320366554637601963110089644
222656451551406867598124273525524103003,301008297773320366554637601963110089644
186501272629960934779255974447996041974,301008297773320366554637601963110089644
267922442483912767696574194911600069389,301008297773320366554637601963110089644
72903195405483962091133388344484906497,301008297773320366554637601963110089644
107455691556365063194663343016280511062,301008297773320366554637601963110089644
252157504237674521905522644853531114894,301008297773320366554637601963110089644
271041851253778717007709555345249685536,301008297773320366554637601963110089644
18334248466955046063639575764906995127,301008297773320366554637601963110089644
144397533569439429441649422579090514071,301008297773320366554637601963110089644
318290763146315937285192249566795760008,301008297773320366554637601963110089644
65692681470779424078458398829128624345,301008297773320366554637601963110089644
322422897497224587382345220862216501593,301008297773320366554637601963110089644
159697080643358154056263148204074314635,301008297773320366554637601963110089644
203170346602395323994314012051706496576,301008297773320366554637601963110089644
168279414643420197934301459248366171227,301008297773320366554637601963110089644
191701342828174424821352294830184552833,301008297773320366554637601963110089644
314373739652640600957185441661583275345,301008297773320366554637601963110089644
17800709251906407860572392473004043839,295859271218694739446257502568614225980
61283239378652141608971676978487448409,295859271218694739446257502568614225980
34575592553630879331620590608845515294,295859271218694739446257502568614225980
329454099720063336800069526477254906470,295859271218694739446257502568614225980
120498601847887836939716841159653901427,295859271218694739446257502568614225980
275430452857095727909756967942441044275,295859271218694739446257502568614225980
289597229887190573851986357895975959861,295859271218694739446257502568614225980
179937834105638710793984680918384089387,295859271218694739446257502568614225980
247681367013427590702255094766566457776,295859271218694739446257502568614225980
38773353716657850266426670516216059601,295859271218694739446257502568614225980
134903120502026624152319039718856910377,295859271218694739446257502568614225980
291128611046743359504513636708227555798,295859271218694739446257502568614225980
260781922484028957154112913853224347728,295859271218694739446257502568614225980
91695401880976610479045961253521238623,295859271218694739446257502568614225980
203650111646912144593813164789547826468,295859271218694739446257502568614225980
200137613609490193506874008764750547696,295859271218694739446257502568614225980
146821426657964266079036397808262287750,295859271218694739446257502568614225980
109568704288361370163801132776977473185,295859271218694739446257502568614225980
15071752417070869735724312851603259829,295859271218694739446257502568614225980
240263081317051173297502648315658279628,295859271218694739446257502568614225980
45552366524064001419372483875305159427,295859271218694739446257502568614225980
28353502545157578791710884947654410516,295859271218694739446257502568614225980
67205594607053889889019541234691340413,295859271218694739446257502568614225980
312863207536572727062415388834075201718,295859271218694739446257502568614225980
101484260268047343524406706091641728376,295859271218694739446257502568614225980
214708613597362047503069401186157775502,295859271218694739446257502568614225980
30750829489403224518997789525757913231,295859271218694739446257502568614225980
224324105924688733599962081626605236726,295859271218694739446257502568614225980
306151927076890650684726347587959068801,295859271218694739446257502568614225980
57871156372712402769635850064380803874,295859271218694739446257502568614225980
74851358328614195997770647395190817542,295859271218694739446257502568614225980
289744406480488968728272418873618587473,295859271218694739446257502568614225980
129152757716772085249947765669256273916,295859271218694739446257502568614225980
36113508262907083312217071632922192002,295859271218694739446257502568614225980
210989410937229863062138033213313838004,295859271218694739446257502568614225980
155896276090859729345302515772932698449,295859271218694739446257502568614225980
176782332512671047852696854853091613165,295859271218694739446257502568614225980
76772325923858852542214082355825336431,295859271218694739446257502568614225980
39104482588325499009193363632504093284,295859271218694739446257502568614225980
313306892381466895452853435326050581177,295859271218694739446257502568614225980
258676783145502272263456145005583669557,295859271218694739446257502568614225980
191076488055337453805290021725102512550,295859271218694739446257502568614225980
183014933978233750592695471084254962679,295859271218694739446257502568614225980
113711580124871944550935460662383450856,295859271218694739446257502568614225980
95620139586807302617051286638351645604,295859271218694739446257502568614225980
148859175104672326257583205037926864387,295859271218694739446257502568614225980
108086777448524513214082363190941881259,295859271218694739446257502568614225980
250253595924049667301977720207703060497,295859271218694739446257502568614225980
264331001764401733341827449264940951374,295859271218694739446257502568614225980
277384316524993812036744255336861230005,295859271218694739446257502568614225980
296403808562294664999788867725450194852,295859271218694739446257502568614225980
238407041585188400126378875751473394572,295859271218694739446257502568614225980
274520018937311746019348040407389324112,295859271218694739446257502568614225980
334918642114266588958791016682061285841,295859271218694739446257502568614225980
72853548881008169128433088651268130113,295859271218694739446257502568614225980
147134355394019949051739418796809973884,295859271218694739446257502568614225980
200451683716444453077822180534696430026,295859271218694739446257502568614225980
267491503754539221454982653358106456998,295859271218694739446257502568614225980
90808315934327993804753503152862415622,295859271218694739446257502568614225980
117056786049398676424554512122939307494,295859271218694739446257502568614225980
83990568938666315879195947568415711088,295859271218694739446257502568614225980
340001226200309181566147528225386435227,295859271218694739446257502568614225980
726476721550027482013079921947948971,295859271218694739446257502568614225980
103121498769219517111014503186733134810,295859271218694739446257502568614225980
92528309447029907926084704614352359058,295859271218694739446257502568614225980
269960478420925128667745210958757989414,295859271218694739446257502568614225980
213641202956936275545365185881755303282,295859271218694739446257502568614225980
195829164491093458357063459600801794609,295859271218694739446257502568614225980
279514904914729559686451810273637497418,295859271218694739446257502568614225980
59204370770888734438469643105570672714,295859271218694739446257502568614225980
153323200528247263666662522692577193990,295859271218694739446257502568614225980
265308934562651573437809871636471211619,295859271218694739446257502568614225980
22465450004056976083958563836576063765,295859271218694739446257502568614225980
155109904113157864072540438837662775876,295859271218694739446257502568614225980
40087680608219654375630763485018328511,295859271218694739446257502568614225980
251214134744283544444940877964209991991,295859271218694739446257502568614225980
34337926341609512952081999675240431656,295859271218694739446257502568614225980
204342804639898971244249008915845027463,295859271218694739446257502568614225980
22992411662049242898131868951790886605,295859271218694739446257502568614225980
154813856985400349116491100106557648931,295859271218694739446257502568614225980
258186047358969373935738792387810724009,295859271218694739446257502568614225980
17448529497295313676897272000873441650,295859271218694739446257502568614225980
3775791425562546717593664682146776464,295859271218694739446257502568614225980
272943508666503897228988588792742394396,295859271218694739446257502568614225980
317199273206765263263598579048685100999,295859271218694739446257502568614225980
217391112513237874892998609389093646497,295859271218694739446257502568614225980
8206608450042800136110004504388230065,295859271218694739446257502568614225980
211766873854595763861781812575908879281,295859271218694739446257502568614225980
112132875827057788370097478154979787362,295859271218694739446257502568614225980
334964030062597616088274430320970627634,295859271218694739446257502568614225980
93037044871119677485983769909924104301,92146783940647466375771695560316261414
151482169227557374751316246756561632103,92146783940647466375771695560316261414
247247696356967427281185168485293214460,92146783940647466375771695560316261414
322896454699739291419401469547218066965,92146783940647466375771695560316261414
87773440730938118935692839928631209199,92146783940647466375771695560316261414
63954165600458835660622107824244277885,92146783940647466375771695560316261414
92916867587281784806600266443656350758,92146783940647466375771695560316261414
230715850611588142551030714436424217068,92146783940647466375771695560316261414
240722996713106948934015263576881262171,92146783940647466375771695560316261414
97291250542121638660823254361912529779,92146783940647466375771695560316261414
290113522400923307227221212347483432368,92146783940647466375771695560316261414
246147367125831462376987744326464063923,92146783940647466375771695560316261414
269571901870640747739607102871704252732,92146783940647466375771695560316261414
243920559403258150118267896126962970706,92146783940647466375771695560316261414
280627543542880445066957352687976591292,92146783940647466375771695560316261414
172336894937493055767836110399476656138,92146783940647466375771695560316261414
86755519827389398626488111184549370147,92146783940647466375771695560316261414
110953018488406220522677065085788984752,92146783940647466375771695560316261414
248394049163378442893016272685619843190,92146783940647466375771695560316261414
65388435584049511316708771483660839225,92146783940647466375771695560316261414
330666821788509666675894610381657253168,92146783940647466375771695560316261414
142916577174751857663977510225860674997,92146783940647466375771695560316261414
284541563064006993931723548903658620830,92146783940647466375771695560316261414
214560670456647819962199469318873864232,92146783940647466375771695560316261414
28139426057927712555326944356310722440,92146783940647466375771695560316261414
311120967054620417450985232651664477851,92146783940647466375771695560316261414
299243914930160528440539417305046221503,92146783940647466375771695560316261414
266363688131322883355582135248949253743,92146783940647466375771695560316261414
145552933836723500507471791251187690222,92146783940647466375771695560316261414
118997126354671559810763990438430195758,92146783940647466375771695560316261414
32429730841827028099603888261817679304,92146783940647466375771695560316261414
254133499434191832284932943497994076572,92146783940647466375771695560316261414
132800107973655183742559094555313090765,92146783940647466375771695560316261414
56435915519280427054896373886387872608,92146783940647466375771695560316261414
107252516958916204577930216384091551113,92146783940647466375771695560316261414
158257307334643635291194643353217542834,92146783940647466375771695560316261414
232091550145111791257047505580781458024,92146783940647466375771695560316261414
192206544799375391959430742176161116331,92146783940647466375771695560316261414
224840972963197284347748574989707187145,92146783940647466375771695560316261414
61852315798940910073033297112793732428,92146783940647466375771695560316261414
89561145835703513565513603148535524478,92146783940647466375771695560316261414
58101346577789003697837729807405127166,92146783940647466375771695560316261414
238395401661190075993559906844033197867,92146783940647466375771695560316261414
150233070891988273403094341196976736892,92146783940647466375771695560316261414
277586522084484325568441390655868955050,92146783940647466375771695560316261414
63558240702752108169077336798138856451,92146783940647466375771695560316261414
187670289250421148642014782697549742107,92146783940647466375771695560316261414
160401089908596681120185698785401677236,92146783940647466375771695560316261414
275952672084197489670837747300705264171,92146783940647466375771695560316261414
243987016370518709588059993955872915677,92146783940647466375771695560316261414
37092469644723864647671062205073604182,92146783940647466375771695560316261414
288495750015798392596103949622337319074,92146783940647466375771695560316261414
1923482206857568989172138351015761039,92146783940647466375771695560316261414
330170048649861378084551384528323006937,92146783940647466375771695560316261414
175223762128841676381799213206822748214,92146783940647466375771695560316261414
39651389840772750811841395406653943396,92146783940647466375771695560316261414
41958582365543902919831879000969954943,92146783940647466375771695560316261414
101262301414928958984096896768496601161,92146783940647466375771695560316261414
83325199160823861359005688407817547947,92146783940647466375771695560316261414
127839713941464296411348074658269564784,92146783940647466375771695560316261414
49404854958899839013311447989645681461,92146783940647466375771695560316261414
259258256452473868969760813788780459441,92146783940647466375771695560316261414
193283355553411152648022622268842340103,92146783940647466375771695560316261414
285240231866095174272342307550829077729,92146783940647466375771695560316261414
278790062846556000927632902503555035758,92146783940647466375771695560316261414
34023617091742603164332315206652475847,92146783940647466375771695560316261414
54124174182894294331523469620735625607,92146783940647466375771695560316261414
62542043908414042750374661095717191549,92146783940647466375771695560316261414
206399364212087820046182954484080500423,92146783940647466375771695560316261414
215677196892786709661042098646818489695,92146783940647466375771695560316261414
64229199461024998022884284768190988014,92146783940647466375771695560316261414
125198532364870076554386189847714716248,92146783940647466375771695560316261414
45531944225804552660360344168237865011,92146783940647466375771695560316261414
105199073229450030344751851536220214537,92146783940647466375771695560316261414
177139688101633251182292121655133973548,92146783940647466375771695560316261414
214012669669246720873715106974381414241,92146783940647466375771695560316261414
4629397740525276998962286870430629358,92146783940647466375771695560316261414
137509496913196179136869824868400008825,92146783940647466375771695560316261414
178618161957798058631916766250734275890,92146783940647466375771695560316261414
246016043900386569086274929563001192057,92146783940647466375771695560316261414
67558604379453844584354349447614132150,92146783940647466375771695560316261414
66164855247905982771361457971150571513,92146783940647466375771695560316261414
308617211925875567507126521833042694978,92146783940647466375771695560316261414
241278902867700872876029753170908222864,92146783940647466375771695560316261414
187533063874264626578443835014661390389,92146783940647466375771695560316261414
334320091449621649563519645293943892329,92146783940647466375771695560316261414
327064465848381800875944174724459489689,92146783940647466375771695560316261414
109574097534340863234432973347919796915,92146783940647466375771695560316261414
64440077686540494097465092478477548334,92146783940647466375771695560316261414
120425324620781576371838702842239175988,92146783940647466375771695560316261414
87405526218679840676988950812891260249,92146783940647466375771695560316261414
313437773524919783154656501260320957010,92146783940647466375771695560316261414
124905782241746858631650346032924417573,92146783940647466375771695560316261414
135530275690688324338191633277720696687,92146783940647466375771695560316261414
49451414062679037189066530507331236705,92146783940647466375771695560316261414
220020141437121931880969722819498723892,92146783940647466375771695560316261414
281999287329497813814675431659833606250,92146783940647466375771695560316261414
66603878390526784863122958251253567969,92146783940647466375771695560316261414
131610652181827182959922218108125806558,92146783940647466375771695560316261414
338988812473434881125773985211444267371,92146783940647466375771695560316261414
192341496948325646795281903883252051880,92146783940647466375771695560316261414
231156868201421424924762965272540102130,92146783940647466375771695560316261414
276872113836804182744179065639800448589,92146783940647466375771695560316261414
239573199660015352346371963386405978531,92146783940647466375771695560316261414
184297389327016424586713752850432597710,92146783940647466375771695560316261414
232185605731149825421052200741205985804,92146783940647466375771695560316261414
10689631161531138589937539531795848085,92146783940647466375771695560316261414
86574803660743961711605375527631612024,92146783940647466375771695560316261414
303851982199218560716683653977119545392,92146783940647466375771695560316261414
72558803500744097244760082189371272276,92146783940647466375771695560316261414
237412881558510664580990705877508580638,92146783940647466375771695560316261414
288104844744360753072097084617844014127,92146783940647466375771695560316261414
167938735850823498218488769934477034893,92146783940647466375771695560316261414
313392575882040260711587009434442343694,92146783940647466375771695560316261414
43144317455781055922047475431877941446,92146783940647466375771695560316261414
271552632370230370309983286995755344853,92146783940647466375771695560316261414
20843456872792672028167438082881058009,92146783940647466375771695560316261414
107817980344098015483127670197034374606,92146783940647466375771695560316261414
124176577382220091229050027960780796136,92146783940647466375771695560316261414
232991249467476245003986212001277445652,92146783940647466375771695560316261414
241923619172853443476081415331076010338,92146783940647466375771695560316261414
333484475046992694407320816900247157146,92146783940647466375771695560316261414
92199669241058424313493881751185475277,92146783940647466375771695560316261414
327465740096710208036861393227397394827,92146783940647466375771695560316261414
145062845133939723753899407442142272448,92146783940647466375771695560316261414
338787673125384305650976537288535929632,92146783940647466375771695560316261414
223109658366545993292577517862996077587,92146783940647466375771695560316261414
9510059622503514186671668609589885992,92146783940647466375771695560316261414
231898082692047202102305683402216728260,92146783940647466375771695560316261414
169252804407246934867316733960250597918,92146783940647466375771695560316261414
23108848297444653836385608572676463650,92146783940647466375771695560316261414
261202287390322932935958420272555036998,92146783940647466375771695560316261414
237444690853316046179456605770564648736,92146783940647466375771695560316261414
311406297965751854916824951954277167830,92146783940647466375771695560316261414
47458367203041376496297563335097404805,92146783940647466375771695560316261414
155120233188770025627817570132124887891,92146783940647466375771695560316261414
28114700682412815651986329159653745278,92146783940647466375771695560316261414
271751829998588004674223523172385044288,92146783940647466375771695560316261414
29815576667121425431151401641126135391,92146783940647466375771695560316261414
193698750768442240838631631254383661996,92146783940647466375771695560316261414
232832608723472349191802668745706721326,92146783940647466375771695560316261414
216353491976047189476768612343524668575,92146783940647466375771695560316261414
159674389865267961607693689134102428717,92146783940647466375771695560316261414
203361954413750776690073827262862259775,92146783940647466375771695560316261414
31312385605749236390771743473958840001,92146783940647466375771695560316261414
121322922584373117737398362230505301432,92146783940647466375771695560316261414
120779475886897252821934080448803794746,92146783940647466375771695560316261414
44457959265454555131611955966923120266,92146783940647466375771695560316261414
206448835849438878760214749093267846597,92146783940647466375771695560316261414
152856360944601666105574320173721901983,92146783940647466375771695560316261414
261029991323390032459140951466299300918,92146783940647466375771695560316261414
302225140582365819806598241582066211115,92146783940647466375771695560316261414
19908389428797881759224759446521331099,92146783940647466375771695560316261414
329770554429968928350043060456001548365,92146783940647466375771695560316261414
327160814045900631270603746707483129188,92146783940647466375771695560316261414
235849655469681056736141138991440873600,92146783940647466375771695560316261414
33363056986564830378798373837232672886,92146783940647466375771695560316261414
93131331415223127875988585002239394857,92146783940647466375771695560316261414
43258495390060180040391151808037335602,92146783940647466375771695560316261414
157668121881197350392226573911121516935,92146783940647466375771695560316261414
248638007717676791760899432118967583249,92146783940647466375771695560316261414
197731660604715918266098856631633198655,92146783940647466375771695560316261414
234073601578875148517480507862939818072,92146783940647466375771695560316261414
41359879548883995799956978470697339192,92146783940647466375771695560316261414
226309886794371153753240338474263490223,92146783940647466375771695560316261414
1917561978837935433915168741904619,92146783940647466375771695560316261414
220323670893002223423980376349281257853,92146783940647466375771695560316261414
153348919075709790454378869287682750784,92146783940647466375771695560316261414
4418240358457353106222563051100185185,92146783940647466375771695560316261414
264232746065424316624264260367747965117,92146783940647466375771695560316261414
264650956444856754016497869959973569986,92146783940647466375771695560316261414
270929312886473781812145748032246795776,92146783940647466375771695560316261414
87026859673448253694053938033622022334,92146783940647466375771695560316261414
163807277728587947885383423236197968584,92146783940647466375771695560316261414
189875593524116376063051793863383184111,92146783940647466375771695560316261414
287764862421009393396864430378127967158,92146783940647466375771695560316261414
273996710735318210788322355897347173158,92146783940647466375771695560316261414
96681554378838264950638172666701749206,92146783940647466375771695560316261414
75981983259922154513193740252463786887,92146783940647466375771695560316261414
71515081808800292365121669512715774753,92146783940647466375771695560316261414
259881559714543437415538907202258581975,92146783940647466375771695560316261414
292237000931479932579355857614143406574,92146783940647466375771695560316261414
216405968503030849212114129151708819638,92146783940647466375771695560316261414
254525519244541539757039527542796307469,92146783940647466375771695560316261414
62661040987578168337594032286297698662,92146783940647466375771695560316261414
106849310270179161813201179612725786746,92146783940647466375771695560316261414
173366577501981845842230020553199671127,92146783940647466375771695560316261414
287854175724202027802710359303764669810,92146783940647466375771695560316261414
270701264249758531075599018412881729702,92146783940647466375771695560316261414
47467831367331699471975137696454914336,92146783940647466375771695560316261414
999578312346261955681172961118648784,92146783940647466375771695560316261414
236950101006849161778666377294937043933,92146783940647466375771695560316261414
68286905860358517668233678748212036096,92146783940647466375771695560316261414
244439199857771368009740520350449240442,92146783940647466375771695560316261414
127203894169817674455403120822014882874,92146783940647466375771695560316261414
146592486910094042502993490093447666229,92146783940647466375771695560316261414
168446696006417784769232263633720824714,92146783940647466375771695560316261414
332020469234340304546184997044363540995,92146783940647466375771695560316261414
297209266674812145638169140991803230345,92146783940647466375771695560316261414
94375266624103560813327944483455971980,92146783940647466375771695560316261414
190009965681357755598174500373312852494,92146783940647466375771695560316261414
301242277422595036300768784944465653446,92146783940647466375771695560316261414
259032592173339132214210754728159401551,92146783940647466375771695560316261414
179812007024045479956573261410634441067,92146783940647466375771695560316261414
74622105187263721152413538754833752782,92146783940647466375771695560316261414
262202454155300054897298890207572918149,92146783940647466375771695560316261414
178140514278141276157587947046333178353,92146783940647466375771695560316261414
45978390341897880234710394155381232375,92146783940647466375771695560316261414
277142362684399880300909519260679968066,92146783940647466375771695560316261414
60367103506649441013648545645349508164,92146783940647466375771695560316261414
259553047154805975703905755911813257285,286684776290603674937556239183726764265
320588872224884476873102699807871263705,286684776290603674937556239183726764265
85873165896793315541242398396940603340,286684776290603674937556239183726764265
211992103814130202825045116838352873687,286684776290603674937556239183726764265
191697784086922098572425462936842851079,286684776290603674937556239183726764265
152471175614561541955305183091333592165,286684776290603674937556239183726764265
70443704057985029090953647850775349599,286684776290603674937556239183726764265
153081495465525964209320317956939058163,286684776290603674937556239183726764265
23189953970449926596806310460576549002,286684776290603674937556239183726764265
101843950429189633576484646358845501219,286684776290603674937556239183726764265
281180682907243424302838695474088637480,286684776290603674937556239183726764265
1798974863299176474114356303936183806,286684776290603674937556239183726764265
264299305996167920373317403904631303457,286684776290603674937556239183726764265
208670731278026598409364466363208932634,286684776290603674937556239183726764265
92453713604046379549933138042199819283,286684776290603674937556239183726764265
22744345923675979978362281480872908498,286684776290603674937556239183726764265
172146595349856243741904559512100499287,286684776290603674937556239183726764265
96081012112731686142288555518356730851,286684776290603674937556239183726764265
183234271361809530209558458027582910821,286684776290603674937556239183726764265
287661312934872805189720351098797111539,286684776290603674937556239183726764265
52708177998185698214737167596018887732,286684776290603674937556239183726764265
50044649524071774587668275754808633745,286684776290603674937556239183726764265
255750845872266353235633876747700979481,286684776290603674937556239183726764265
191754814518981452695512451686692333724,286684776290603674937556239183726764265
36819772755922564340956225539720514533,286684776290603674937556239183726764265
101548070683144059399207353832294650200,286684776290603674937556239183726764265
129529845830406969897751636739945487475,286684776290603674937556239183726764265
226543385566484365654884078204774499373,286684776290603674937556239183726764265
93278886265973641002552028773540129115,286684776290603674937556239183726764265
219307874632396418780143320354952571334,286684776290603674937556239183726764265
162156864141144862518405341813994214099,286684776290603674937556239183726764265
120297173952595719147375285123580379458,286684776290603674937556239183726764265
29089479551656861751167412357754347226,286684776290603674937556239183726764265
110774237475933556685623969150416773151,286684776290603674937556239183726764265
30706161882129481002425507405240999498,286684776290603674937556239183726764265
17597469522845169889812361893596579661,286684776290603674937556239183726764265
160909977579299978306438451419444586984,286684776290603674937556239183726764265
245243094528605877660156278253852717601,286684776290603674937556239183726764265
149987583396311488969252758704754137523,286684776290603674937556239183726764265
95167964213531122489415965168395185936,286684776290603674937556239183726764265
320827612569656936748906090992536995977,286684776290603674937556239183726764265
307210059247722850824138348653583992747,286684776290603674937556239183726764265
204950074678961689542330100646888695446,286684776290603674937556239183726764265
95114764617202135870262465635698272831,286684776290603674937556239183726764265
166012340861271147781857212176913054373,286684776290603674937556239183726764265
9950361293610005922670991210852970323,286684776290603674937556239183726764265
216179678132847637935406445261764926133,286684776290603674937556239183726764265
53287689511234230414854648942132608360,286684776290603674937556239183726764265
61082461665668241047352882777946420549,286684776290603674937556239183726764265
58585655496500894888363263751277877706,286684776290603674937556239183726764265
35381544193805538692476543430331201,286684776290603674937556239183726764265
205768299618921362768042151609508437999,286684776290603674937556239183726764265
301495322898596948554131135960169573159,286684776290603674937556239183726764265
19101133614036889670566545885831919714,286684776290603674937556239183726764265
238118448877325911763315721765083463024,286684776290603674937556239183726764265
247883831340084230432990535096100367514,286684776290603674937556239183726764265
194436733964749184210491890700449226043,286684776290603674937556239183726764265
317938033439893683994377314607960006039,286684776290603674937556239183726764265
80215449709895925703647162597189913695,286684776290603674937556239183726764265
212235388356669150253392466111140526711,286684776290603674937556239183726764265
116793406769525825192842696008412225260,286684776290603674937556239183726764265
40662166716151212873113391915873659259,286684776290603674937556239183726764265
107642446825633594609971685892186948034,286684776290603674937556239183726764265
243754769013331461565224734214343332740,286684776290603674937556239183726764265
122583831767484669576310780420788803006,286684776290603674937556239183726764265
136000079926564431973807852105393707148,286684776290603674937556239183726764265
134261710369387673531732540505302742957,286684776290603674937556239183726764265
20132324783253656095014120022316411641,286684776290603674937556239183726764265
102276277670881477212457622661882319681,286684776290603674937556239183726764265
268326914102311035209422144520406856779,286684776290603674937556239183726764265
86695696046344405879849216705353434410,286684776290603674937556239183726764265
128680743180449745037527592996449112044,286684776290603674937556239183726764265
8202467275554469690426259031313200481,286684776290603674937556239183726764265
261044501108272424169835608489150851375,286684776290603674937556239183726764265
39266115142782145880430134541854834293,286684776290603674937556239183726764265
151270158216525883703069371130942668850,286684776290603674937556239183726764265
81424095253110826005329162004055003509,286684776290603674937556239183726764265
182202946395527987625725404049225380528,286684776290603674937556239183726764265
161090093587454599029286748781983323023,286684776290603674937556239183726764265
44516666231505376519714007576953259224,286684776290603674937556239183726764265
81433594724791785415954586811669771206,286684776290603674937556239183726764265
163174746743411461871971040280674551419,286684776290603674937556239183726764265
23665996505769561760669916302850859341,286684776290603674937556239183726764265
71667434005842221286051278040548709292,286684776290603674937556239183726764265
157105423183541234607208177277061002535,286684776290603674937556239183726764265
105857594428133317781299995533966773457,286684776290603674937556239183726764265
225941629934151929584729112389533522747,286684776290603674937556239183726764265
38650913594391982296173536475164278478,286684776290603674937556239183726764265
66546048015164915033749057159307066073,286684776290603674937556239183726764265
200326839086670937480060030155402485573,286684776290603674937556239183726764265
52880213946797724557048719532958822789,286684776290603674937556239183726764265
118986594402031719101054981754722873603,286684776290603674937556239183726764265
30985787517496000367361685697713187061,286684776290603674937556239183726764265
213186668022532382027998592392007576195,286684776290603674937556239183726764265
85058266895434330824589503722061078095,286684776290603674937556239183726764265
73926699539861498651138607187652869163,286684776290603674937556239183726764265
96568333072931517409391917116682275346,286684776290603674937556239183726764265
25717546946228160516126218048816191433,286684776290603674937556239183726764265
240856968602623245816620461382167319912,286684776290603674937556239183726764265
78533380712443692669347760756238465231,286684776290603674937556239183726764265
49388706228767281228103325964388377824,286684776290603674937556239183726764265
72413196448494329040126896960490429419,286684776290603674937556239183726764265
121899360435874837997244587909910441198,286684776290603674937556239183726764265
186734555482104233141574560529629949611,286684776290603674937556239183726764265
256248947482222330430058991534794191630,286684776290603674937556239183726764265
97889313386365718551384641812979944674,286684776290603674937556239183726764265
324337003287342422518990302100476530407,286684776290603674937556239183726764265
7087192160493782161727361678789597089,286684776290603674937556239183726764265
199130035873136327117599785431411842545,286684776290603674937556239183726764265
207305200807641461033165714854186344330,286684776290603674937556239183726764265
180738126133667284205504692234456568489,286684776290603674937556239183726764265
44766952649516324399388030407051988024,286684776290603674937556239183726764265
95914055428493444263417808380519948667,286684776290603674937556239183726764265
204545996163957066817024732529981233566,286684776290603674937556239183726764265
82383501748250528392958963572769282619,286684776290603674937556239183726764265
157443856991097418607782617141788432152,286684776290603674937556239183726764265
167886344397267489200786067839483425982,286684776290603674937556239183726764265
124975708399817119053223483195982278854,286684776290603674937556239183726764265
58167543402836706469560431405054649647,286684776290603674937556239183726764265
280460973310822208891724720791120691207,286684776290603674937556239183726764265
20248146783286158761409463483791334520,286684776290603674937556239183726764265
44077011463176638028224100938442132958,286684776290603674937556239183726764265
225281390660684932595110735425601793246,286684776290603674937556239183726764265
321581291189535225859462523127123859670,286684776290603674937556239183726764265
100320444002128429924071970238490351250,286684776290603674937556239183726764265
163808112811875052445398560822506117971,286684776290603674937556239183726764265
94790748290325455475278866528012711976,286684776290603674937556239183726764265
289661750068035087972029138452110706786,286684776290603674937556239183726764265
184876314577659079916035978016781189620,286684776290603674937556239183726764265
321134240760698751719447089646052793944,286684776290603674937556239183726764265
252727941870820540226910247592820128923,185543633647529830822550163316030346493
150172420030370311710485912454670581346,185543633647529830822550163316030346493
310443065770778305204960758730298641741,185543633647529830822550163316030346493
275194326931440701625197730468019437286,185543633647529830822550163316030346493
92707189485556586004442934464838755435,185543633647529830822550163316030346493
90938801464639037191518755638777436476,185543633647529830822550163316030346493
67961772031855282325248551726735937377,185543633647529830822550163316030346493
66292000172644221756180232041960567710,185543633647529830822550163316030346493
165760502205952489560324725531354523166,185543633647529830822550163316030346493
133618125593985439341852184327431111302,185543633647529830822550163316030346493
217449177979052869830548207632053101854,185543633647529830822550163316030346493
1239733973012527861238559509356125418,185543633647529830822550163316030346493
67384515310626935938346282973586353129,185543633647529830822550163316030346493
31439370386794612958210284663840727378,185543633647529830822550163316030346493
21326529600137842471682085472380891121,185543633647529830822550163316030346493
312624105328391664426803969138435081669,185543633647529830822550163316030346493
247296004054497518727141630439899637257,185543633647529830822550163316030346493
324731215614222990293755484860008157938,185543633647529830822550163316030346493
143813470522447943503169462150346045262,185543633647529830822550163316030346493
311409137635957289339363932523717839760,185543633647529830822550163316030346493
306365616031177779617539118878705061996,185543633647529830822550163316030346493
105325168796860683034007933139627049887,185543633647529830822550163316030346493
124659043838658534940829583255673757592,185543633647529830822550163316030346493
309671021472894018591890171883378622598,185543633647529830822550163316030346493
268331507181108289324507138632409293540,185543633647529830822550163316030346493
334100807769285949275562794840099787022,185543633647529830822550163316030346493
39523691926913260007350679347313217383,185543633647529830822550163316030346493
294975830363256251885548775562116117318,185543633647529830822550163316030346493
192523855556805850879332573671905913049,185543633647529830822550163316030346493
159174551606544813254110403804125074608,185543633647529830822550163316030346493
246762870733467553322395560416395473966,185543633647529830822550163316030346493
138529361973193500791343953841247352981,185543633647529830822550163316030346493
120576460957575222806744124603385226631,185543633647529830822550163316030346493
151731720138044567858295055501312549751,185543633647529830822550163316030346493
59258634036720676587645134611283478692,185543633647529830822550163316030346493
118290101961323026930785280182466565814,185543633647529830822550163316030346493
30227944459633185930106185883604073330,185543633647529830822550163316030346493
149017126687566365182279682684278235200,185543633647529830822550163316030346493
66541704864300967985956060009415024699,185543633647529830822550163316030346493
272456835706797391715714975306003244118,185543633647529830822550163316030346493
96387291425434697711856783185897940770,185543633647529830822550163316030346493
333153528796922753553377275848651099269,185543633647529830822550163316030346493
150016727378213623222145747076078178327,185543633647529830822550163316030346493
51678633159005393627636073553129080168,185543633647529830822550163316030346493
243189039874493628087292635558540741734,185543633647529830822550163316030346493
235991115834073361428859715682952070552,185543633647529830822550163316030346493
117599965370114627518458398785781389712,185543633647529830822550163316030346493
235658020447010773351941761226551194794,185543633647529830822550163316030346493
306203411519286590207192101486776623029,185543633647529830822550163316030346493
24676895711465547612862223772187440176,185543633647529830822550163316030346493
75170414227001919416774276708145293770,185543633647529830822550163316030346493
245264174885235812403514710784072650683,185543633647529830822550163316030346493
113527754145384003150745594612037107767,185543633647529830822550163316030346493
141167259900832698858992469118908247928,185543633647529830822550163316030346493
21199053479491651665882691030210971085,185543633647529830822550163316030346493
203283761635297768282071432807079124207,185543633647529830822550163316030346493
23965361291483925105229369794772958483,185543633647529830822550163316030346493
304101658427434981304636568862016826146,185543633647529830822550163316030346493
39103050426782959891151893120932055894,185543633647529830822550163316030346493
337417016111468464961150246976265484822,185543633647529830822550163316030346493
117081947670043687513509364646784885527,185543633647529830822550163316030346493
104557329572207343612893490564008497437,185543633647529830822550163316030346493
148467944510021194982501188116662207441,185543633647529830822550163316030346493
94401948801246079914181977176426723058,185543633647529830822550163316030346493
323009248624970455766357020303322223724,185543633647529830822550163316030346493
144739157244685872549996194624082485815,185543633647529830822550163316030346493
308160437458765119907689910104464029068,185543633647529830822550163316030346493
26898803624345013767296911109751258245,185543633647529830822550163316030346493
208115708316958904559617269641275516705,185543633647529830822550163316030346493
245502751361965504808943126483361231615,185543633647529830822550163316030346493
235558009804994284833804010254126487684,185543633647529830822550163316030346493
290348151006700260008099881192721035990,185543633647529830822550163316030346493
144765539066961242949409219332951718258,185543633647529830822550163316030346493
20871332608407211628381977694696364049,185543633647529830822550163316030346493
73114612405986672491833212972275821028,185543633647529830822550163316030346493
308780082979454961610081172023810641820,185543633647529830822550163316030346493
298486614653391986734506688155147448840,185543633647529830822550163316030346493
328702426890789790880149463408333808829,185543633647529830822550163316030346493
104061456688843895548724626167082847869,185543633647529830822550163316030346493
189191121028955322990485009778323745493,185543633647529830822550163316030346493
30078369250465579026110699982647968503,185543633647529830822550163316030346493
108599923764581059788672736372770240621,185543633647529830822550163316030346493
237835798762550685398957742629115372318,185543633647529830822550163316030346493
48146285024590328833692143933509913056,185543633647529830822550163316030346493
273122976789136484289400975216184643655,185543633647529830822550163316030346493
243713393357816076771452425401240898767,185543633647529830822550163316030346493
263962024844901650114779363266741839411,185543633647529830822550163316030346493
301432085822797323056847527043082626711,185543633647529830822550163316030346493
195470740939031505322368527077844997586,185543633647529830822550163316030346493
126148456017735691913915258977905715125,185543633647529830822550163316030346493
209665296186812195554146479766587931191,185543633647529830822550163316030346493
266066381991339784417397093885304255990,185543633647529830822550163316030346493
246332029042082812185438389867713903709,185543633647529830822550163316030346493
334148050456161069820095000225057616842,185543633647529830822550163316030346493
51238680617960240925762746089599931489,185543633647529830822550163316030346493
16258842608869877191253313670845579328,185543633647529830822550163316030346493
264244033992539998610282619747142498942,185543633647529830822550163316030346493
118550642253102613600805128417929749149,185543633647529830822550163316030346493
327473497941689407831163009317502872207,185543633647529830822550163316030346493
123814140188855929830929801727348321058,185543633647529830822550163316030346493
85595518189150405943805779419676034169,185543633647529830822550163316030346493
335700983486957453273610639568151462945,185543633647529830822550163316030346493
49627837232399597524049985471189531490,185543633647529830822550163316030346493
91784862620633681053768929191947171214,185543633647529830822550163316030346493
286891900395119634318963622305573882729,185543633647529830822550163316030346493
48059720194914219211141867929438433401,185543633647529830822550163316030346493
274448557392605581600317173914373743387,185543633647529830822550163316030346493
202498403717022893354029480525158651521,185543633647529830822550163316030346493
56547908192515440939674831428886716253,185543633647529830822550163316030346493
120848627229914611837318069442072526663,185543633647529830822550163316030346493
187970496131956477854562377664918098112,10214160090355875824044297696692950806
166589575333774418568884280521396113130,10214160090355875824044297696692950806
246432084343199665278052640345910722914,10214160090355875824044297696692950806
209034177113119523180025279958411053774,10214160090355875824044297696692950806
301400831138100043502938043605267506275,10214160090355875824044297696692950806
104096211881290047611154469880561564065,10214160090355875824044297696692950806
330253408518916075895963519623027636684,10214160090355875824044297696692950806
331957513787718733077977912047175998481,10214160090355875824044297696692950806
132491309154273224118857021369299799020,10214160090355875824044297696692950806
267160132213052051415478053080901861415,10214160090355875824044297696692950806
304837142022709647706557194881364913205,10214160090355875824044297696692950806
224822042340010134135825005318852022160,10214160090355875824044297696692950806
53426895033704829820993295406059049548,10214160090355875824044297696692950806
17049750489975553128629006376402833617,10214160090355875824044297696692950806
42571293232089444150269842581738335234,10214160090355875824044297696692950806
273066090912167316686734799678394027719,10214160090355875824044297696692950806
9798441730259618299328851083907934233,10214160090355875824044297696692950806
286652805614657413496095114099308637349,10214160090355875824044297696692950806
250968227636954009645551000306941290403,10214160090355875824044297696692950806
203727145669174007117417421842198987900,10214160090355875824044297696692950806
128678835327396786894303608335550012366,10214160090355875824044297696692950806
90245505848127917227264673757247668733,10214160090355875824044297696692950806
123409471003601599004986005664102276390,10214160090355875824044297696692950806
109423953896160495818588020316635425830,10214160090355875824044297696692950806
113785132707544627830738210942434189892,10214160090355875824044297696692950806
208431994597619499128358178374951769028,10214160090355875824044297696692950806
291188540940718963634420283291019910343,10214160090355875824044297696692950806
292305947734744527591774735516332564839,10214160090355875824044297696692950806
43017263116847047995000661014626845664,10214160090355875824044297696692950806
3552904493388217807915629858884426051,10214160090355875824044297696692950806
316891179058791480137607738992205828668,10214160090355875824044297696692950806
113483741626492151193792215076501030599,10214160090355875824044297696692950806
20960691226822987218446590380855322573,10214160090355875824044297696692950806
338705768141805295216707730340082884572,10214160090355875824044297696692950806
124862117159518365004820316656882466441,10214160090355875824044297696692950806
91906214708205239029301125392327895044,10214160090355875824044297696692950806
219017541484928505027129981780050392987,10214160090355875824044297696692950806
204028665677773175002905626959668964689,10214160090355875824044297696692950806
336152271707326714631726261390662803445,10214160090355875824044297696692950806
7888521622393561877621949771503485433,10214160090355875824044297696692950806
184377918760859670957130068754038099410,10214160090355875824044297696692950806
145816851587631884686503684544867078122,10214160090355875824044297696692950806
62233395757806365939672586632021107247,10214160090355875824044297696692950806
16986869222191188441605621769221498906,10214160090355875824044297696692950806
161729575363478617957378079196476729341,10214160090355875824044297696692950806
43007806103893249987391190005259883285,10214160090355875824044297696692950806
85756324814497313174387511896895644797,10214160090355875824044297696692950806
136597794255392801559371118696568230880,10214160090355875824044297696692950806
152405413322194551127543418492996215217,10214160090355875824044297696692950806
270310790370330825575096274279610096194,10214160090355875824044297696692950806
266808072258325658954563202340926384992,10214160090355875824044297696692950806
119850647065246432234917991309994017226,10214160090355875824044297696692950806
130581694086529179331094507613219908825,10214160090355875824044297696692950806
1974760433445932596584793377028016432,10214160090355875824044297696692950806
29786965563571817319752729030866555613,10214160090355875824044297696692950806
306533211351574756050032328589933176603,10214160090355875824044297696692950806
258347623429358011303600583703862327621,10214160090355875824044297696692950806
309563774288208200661705493132482073365,10214160090355875824044297696692950806
88963373129640143513405227176152314960,10214160090355875824044297696692950806
175743569476152345839077481544011582296,10214160090355875824044297696692950806
302347513996927088204234413695484684644,10214160090355875824044297696692950806
60283292063869044103428318529745194080,10214160090355875824044297696692950806
157292308974586205909348242740756927716,10214160090355875824044297696692950806
1246514747554232307207547408674549963,10214160090355875824044297696692950806
172772203703003950134880969839280866580,10214160090355875824044297696692950806
226544558031890704833802103933978847267,10214160090355875824044297696692950806
62153930275778101660718167601815880257,10214160090355875824044297696692950806
326238534389525014716845558890427013074,10214160090355875824044297696692950806
101474775346092033672985936853668405666,10214160090355875824044297696692950806
215465928161080537285748020313303928407,10214160090355875824044297696692950806
92584821399023966632183610628321569832,10214160090355875824044297696692950806
188716680913104815970390249353490089651,10214160090355875824044297696692950806
195754700515127065449519885638493187765,10214160090355875824044297696692950806
25790743136056796207971681027260299311,10214160090355875824044297696692950806
289084986543239131308257814555455804835,10214160090355875824044297696692950806
186713957677645967386225968514570643551,10214160090355875824044297696692950806
200968715025445965781512047643791133519,10214160090355875824044297696692950806
63517977543012181660200110342264561334,10214160090355875824044297696692950806
229180041514134767542737467208110393275,10214160090355875824044297696692950806
173263327271549787038027115962485883639,10214160090355875824044297696692950806
85205379204283571947536885191792218580,10214160090355875824044297696692950806
159956240791960280947257975192235001152,10214160090355875824044297696692950806
330229729021370109184654911627159893639,10214160090355875824044297696692950806
60184418675512501434896001647646330126,10214160090355875824044297696692950806
43711717217851657529704248038975292945,10214160090355875824044297696692950806
174605294037841552097157337386781580042,10214160090355875824044297696692950806
196178182135903727880291569999138308271,10214160090355875824044297696692950806
275300894179205305577903534393292576269,10214160090355875824044297696692950806
96071001966621715805514680105566552074,10214160090355875824044297696692950806
63240885473026953190810627519913340693,10214160090355875824044297696692950806
248553209737330569781380126875049794254,10214160090355875824044297696692950806
79818517350825481896520439591853692489,10214160090355875824044297696692950806
280783842791933139865192135503320313446,10214160090355875824044297696692950806
63369037514028942176930853172225275236,10214160090355875824044297696692950806
206852466720299714080106669139685213322,10214160090355875824044297696692950806
51370073335744756754587146023793242026,10214160090355875824044297696692950806
182894583198263469364022680843010752103,10214160090355875824044297696692950806
41354689389544064835740136791686352197,10214160090355875824044297696692950806
249422005045052999364745513270331006888,10214160090355875824044297696692950806
324222812538857109280827993232739392398,10214160090355875824044297696692950806
327419372773812450516679375190093793334,10214160090355875824044297696692950806
87269781356487709996754054722398450851,10214160090355875824044297696692950806
95828461055989391841512189464500218231,10214160090355875824044297696692950806
95862838221700848813351013930970289544,10214160090355875824044297696692950806
193371730128331808953890087499402428506,10214160090355875824044297696692950806
311387376843974471654262490869326409900,10214160090355875824044297696692950806
24112330945416934844557210935427192587,10214160090355875824044297696692950806
103695885372357574906946424992968072716,10214160090355875824044297696692950806
89106531220622838139716290631165980424,10214160090355875824044297696692950806
329190619001321250933857607462404574413,10214160090355875824044297696692950806
154596542827649274886789116302391934506,10214160090355875824044297696692950806
19214786147045212632718529954537277497,10214160090355875824044297696692950806
283184557087696050531952021070206211405,10214160090355875824044297696692950806
97922680310835570094440016225640918133,10214160090355875824044297696692950806
204682726823825858923642845945271942816,10214160090355875824044297696692950806
223491779465490123532563625403847386634,10214160090355875824044297696692950806
228803294989000174168312078300209869257,10214160090355875824044297696692950806
284813052213608673271396232807717410129,10214160090355875824044297696692950806
17511800907288175370711294748610549656,10214160090355875824044297696692950806
192125702112111955197866572669913991661,10214160090355875824044297696692950806
195407283356286699715357329354720295435,10214160090355875824044297696692950806
157180679043549694748660793461638932956,10214160090355875824044297696692950806
118452481509445457374698321785790973668,10214160090355875824044297696692950806
194658299639398255884544118436445884333,10214160090355875824044297696692950806
183251385124345931099290429831364399820,10214160090355875824044297696692950806
70911899037706209969821733660056191015,10214160090355875824044297696692950806
232511360181644399093128543488011367588,10214160090355875824044297696692950806
254991619524583192402722569029283023436,10214160090355875824044297696692950806
106992984762214428015256240226130643677,10214160090355875824044297696692950806
112377000895321604684684336860094284478,10214160090355875824044297696692950806
72510362743089847408628594929227399168,10214160090355875824044297696692950806
274997065992503319736421902312850562647,10214160090355875824044297696692950806
238037562805635407353207848681672785971,10214160090355875824044297696692950806
269529314467220742979284532468335415152,10214160090355875824044297696692950806
287537650180384086417240483357869297257,10214160090355875824044297696692950806
120240170385225558267754188100219563567,10214160090355875824044297696692950806
128272818734211168701716978518847704083,10214160090355875824044297696692950806
121982854638942398254180994383529664383,10214160090355875824044297696692950806
85450357156480183627104508333698805453,10214160090355875824044297696692950806
160058451633536983401133600714341180935,10214160090355875824044297696692950806
239611915109901365299895370435689895906,10214160090355875824044297696692950806
181824256426824308822924567731446497731,10214160090355875824044297696692950806
185551611698995064136279837229413609357,10214160090355875824044297696692950806
232731581113233698841460257937184592857,10214160090355875824044297696692950806
156428843788154211896230680779923015535,10214160090355875824044297696692950806
290617823018166399185802930423103674130,10214160090355875824044297696692950806
145092557643943043062619449403033769338,10214160090355875824044297696692950806
223979688299459681210001875126759088997,10214160090355875824044297696692950806
81097067905542703949787503048903397423,10214160090355875824044297696692950806
27000290025129786685520692089542681318,10214160090355875824044297696692950806
128229445372592798156233414149325591666,10214160090355875824044297696692950806
125351324597245891360139865299140782679,10214160090355875824044297696692950806
80444572692426954204355639456353116608,10214160090355875824044297696692950806
223873657946924802416132482118292215474,10214160090355875824044297696692950806
66584132733273492241122234687257629499,10214160090355875824044297696692950806
66627254425740260961915809073125987875,10214160090355875824044297696692950806
59391668254967594228981813256829590658,10214160090355875824044297696692950806
84083312248373708615068859551948204669,10214160090355875824044297696692950806
100764360369843631562618472812716810030,10214160090355875824044297696692950806
313852120801465755078277067191321220450,10214160090355875824044297696692950806
18475211283316448985686489256630779441,10214160090355875824044297696692950806
318900676801076168122449349450213852119,10214160090355875824044297696692950806
79858045168549709244188040293316992743,10214160090355875824044297696692950806
157374131111925777935153978355313383072,10214160090355875824044297696692950806
322241861025905658343070225453174352243,10214160090355875824044297696692950806
290808386902864445509693879604059289694,10214160090355875824044297696692950806
60150322146481227453309744025212051252,10214160090355875824044297696692950806
235900477519879070202795460079561589085,10214160090355875824044297696692950806
148231755493761490453484536464290582197,10214160090355875824044297696692950806
114992581180522398707742522808769936616,10214160090355875824044297696692950806
12289860419338058794838227910482232979,10214160090355875824044297696692950806
246600321447523789613024737483717333645,10214160090355875824044297696692950806
238754367182810003620540342886248449153,10214160090355875824044297696692950806
186775551296647448841399828695366744465,10214160090355875824044297696692950806
290807885811938574854972664446133154376,10214160090355875824044297696692950806
199930116943779896896935776995030173070,10214160090355875824044297696692950806
110733596833400564979767254176066961322,10214160090355875824044297696692950806
278215423533625419170607330568332179783,10214160090355875824044297696692950806
24390456991738180205175161406585824826,10214160090355875824044297696692950806
234925482270442764457993256479592661413,10214160090355875824044297696692950806
254661243254479935890560135006177332478,10214160090355875824044297696692950806
221365642757546864697104064423526076438,10214160090355875824044297696692950806
10032575003503592706358487322720988399,10214160090355875824044297696692950806
35188251579058066476537945044921714295,10214160090355875824044297696692950806
49070182148207939894614258001635230709,10214160090355875824044297696692950806
7865102498580648880357578148360797691,10214160090355875824044297696692950806
285558844139630731187471383398703225986,10214160090355875824044297696692950806
300666455326208007960921108325478699972,10214160090355875824044297696692950806
171120212190685439379976973003020673648,10214160090355875824044297696692950806
273234690796584964660592968496474006750,10214160090355875824044297696692950806
285150864864975755130100613557117072610,10214160090355875824044297696692950806
113806172824897272008290064874604016493,10214160090355875824044297696692950806
336251963712924457972507731567211566697,10214160090355875824044297696692950806
39687331310838399360295932167981810037,10214160090355875824044297696692950806
190559852315292685681365932145015470150,10214160090355875824044297696692950806
